t_rel,t_wall,kind,i,x_m,y_m,cells,ego_y,ego_yaw_deg,target_y,n_ahead,lethal_cells,clusters_all,clusters_rej,lstatus
243.10,1789278270.752,none,-1,,,,,,,,,,,L
243.15,1789278270.801,none,-1,,,,,,,,,,,L
243.20,1789278270.852,none,-1,,,,0.0,0.0,0.0,0.0,4147.0,6.0,0.0,L
243.25,1789278270.901,none,-1,,,,-0.2905973858506268,0.0,0.0,0.0,4147.0,6.0,0.0,L
243.30,1789278270.952,none,-1,,,,-0.2905544424490405,0.0,0.0,0.0,3970.0,5.0,0.0,L
243.35,1789278271.001,none,-1,,,,-0.29150193219547393,0.0,0.0,0.0,3970.0,5.0,0.0,L
243.40,1789278271.052,none,-1,,,,-0.3023573680713244,0.0,0.0,0.0,3010.0,5.0,0.0,L
243.45,1789278271.101,none,-1,,,,-0.30821583888367954,-0.06589710650405999,0.0,0.0,2998.0,5.0,0.0,L
243.50,1789278271.152,none,-1,,,,-0.3127112223103347,-0.1655530978184562,0.0,0.0,2749.0,6.0,0.0,L
243.55,1789278271.201,none,-1,,,,-0.32013619256773657,-0.1655530978184562,0.0,0.0,2860.0,6.0,0.0,L
243.60,1789278271.252,none,-1,,,,-0.3245660999851604,-0.1655530978184562,0.0,0.0,2765.0,3.0,0.0,L
243.65,1789278271.302,none,-1,,,,-0.33001168693435684,-0.1655530978184562,0.0,0.0,3019.0,5.0,0.0,L
243.70,1789278271.351,none,-1,,,,-0.3381271999550798,-0.1655530978184562,0.0,0.0,2845.0,4.0,0.0,L
243.75,1789278271.401,none,-1,,,,-0.3578823361630032,0.009548616782978662,0.0,0.0,2846.0,3.0,0.0,L
243.80,1789278271.452,none,-1,,,,-0.3690221640676667,0.42139008820446494,0.0,0.0,2785.0,1.0,0.0,L
243.85,1789278271.501,none,-1,,,,-0.3839841840060232,0.9097621369134339,0.0,0.0,2964.0,2.0,0.0,L
243.90,1789278271.551,none,-1,,,,-0.38898884754318114,1.5155178939247302,0.0,0.0,3122.0,2.0,0.0,L
243.95,1789278271.602,none,-1,,,,-0.3961905996313844,2.20535098848805,0.0,0.0,3243.0,2.0,0.0,L
244.00,1789278271.651,none,-1,,,,-0.4090858860760113,2.926419267341838,0.0,0.0,3379.0,3.0,0.0,L
244.05,1789278271.701,none,-1,,,,-0.39794292701765105,3.6185991499187384,0.0,0.0,3508.0,2.0,0.0,L
244.10,1789278271.751,none,-1,,,,-0.39826128051930204,4.376072567049616,0.0,0.0,3548.0,2.0,0.0,L
244.15,1789278271.801,none,-1,,,,-0.3986025475803269,5.113596935018354,0.0,0.0,3347.0,1.0,0.0,L
244.15,1789278271.801,path,0,0.000,0.000,,-0.3986025475803269,5.113596935018354,0.0,0.0,3347.0,1.0,0.0,L
244.15,1789278271.801,path,1,0.128,0.002,,-0.3986025475803269,5.113596935018354,0.0,0.0,3347.0,1.0,0.0,L
244.15,1789278271.801,path,2,0.252,0.008,,-0.3986025475803269,5.113596935018354,0.0,0.0,3347.0,1.0,0.0,L
244.15,1789278271.801,path,3,0.384,0.018,,-0.3986025475803269,5.113596935018354,0.0,0.0,3347.0,1.0,0.0,L
244.15,1789278271.801,path,4,0.509,0.029,,-0.3986025475803269,5.113596935018354,0.0,0.0,3347.0,1.0,0.0,L
244.15,1789278271.801,path,5,0.635,0.041,,-0.3986025475803269,5.113596935018354,0.0,0.0,3347.0,1.0,0.0,L
244.15,1789278271.801,path,6,0.765,0.054,,-0.3986025475803269,5.113596935018354,0.0,0.0,3347.0,1.0,0.0,L
244.15,1789278271.801,path,7,0.901,0.069,,-0.3986025475803269,5.113596935018354,0.0,0.0,3347.0,1.0,0.0,L
244.15,1789278271.801,path,8,1.022,0.079,,-0.3986025475803269,5.113596935018354,0.0,0.0,3347.0,1.0,0.0,L
244.15,1789278271.801,path,9,1.147,0.090,,-0.3986025475803269,5.113596935018354,0.0,0.0,3347.0,1.0,0.0,L
244.15,1789278271.801,path,10,1.266,0.100,,-0.3986025475803269,5.113596935018354,0.0,0.0,3347.0,1.0,0.0,L
244.15,1789278271.801,path,11,1.387,0.112,,-0.3986025475803269,5.113596935018354,0.0,0.0,3347.0,1.0,0.0,L
244.15,1789278271.801,path,12,1.506,0.128,,-0.3986025475803269,5.113596935018354,0.0,0.0,3347.0,1.0,0.0,L
244.15,1789278271.801,path,13,1.624,0.147,,-0.3986025475803269,5.113596935018354,0.0,0.0,3347.0,1.0,0.0,L
244.15,1789278271.801,path,14,1.757,0.173,,-0.3986025475803269,5.113596935018354,0.0,0.0,3347.0,1.0,0.0,L
244.15,1789278271.801,path,15,1.873,0.197,,-0.3986025475803269,5.113596935018354,0.0,0.0,3347.0,1.0,0.0,L
244.15,1789278271.801,path,16,1.990,0.224,,-0.3986025475803269,5.113596935018354,0.0,0.0,3347.0,1.0,0.0,L
244.15,1789278271.801,path,17,2.106,0.255,,-0.3986025475803269,5.113596935018354,0.0,0.0,3347.0,1.0,0.0,L
244.15,1789278271.801,path,18,2.223,0.290,,-0.3986025475803269,5.113596935018354,0.0,0.0,3347.0,1.0,0.0,L
244.15,1789278271.801,path,19,2.352,0.336,,-0.3986025475803269,5.113596935018354,0.0,0.0,3347.0,1.0,0.0,L
244.15,1789278271.801,path,20,2.472,0.383,,-0.3986025475803269,5.113596935018354,0.0,0.0,3347.0,1.0,0.0,L
244.20,1789278271.851,none,-1,,,,-0.4004367879025572,5.890371899381585,0.0,0.0,3357.0,1.0,0.0,L
244.25,1789278271.901,none,-1,,,,-0.3591804769074787,6.679831564575667,0.0,0.0,3448.0,1.0,0.0,L
244.30,1789278271.951,none,-1,,,,-0.3524766123925571,7.469387899966737,0.0,0.0,3480.0,1.0,0.0,L
244.35,1789278272.001,none,-1,,,,-0.3425865080811541,8.269939200444187,0.0,0.0,3565.0,1.0,0.0,L
244.40,1789278272.051,none,-1,,,,-0.3311536650035621,9.070340473089002,0.0,0.0,3559.0,1.0,0.0,L
244.45,1789278272.101,none,-1,,,,-0.28111087519289035,9.872340431916083,0.0,0.0,3559.0,1.0,0.0,L
244.50,1789278272.151,none,-1,,,,-0.2650079626370654,10.530701033513228,0.0,0.0,3482.0,1.0,0.0,L
244.55,1789278272.201,none,-1,,,,-0.2422539704100039,11.051463558466404,0.0,0.0,3418.0,1.0,0.0,L
244.60,1789278272.251,none,-1,,,,-0.2179497786933108,11.435097231845623,0.0,0.0,3592.0,2.0,0.0,L
244.65,1789278272.301,none,-1,,,,-0.19704143875351499,11.662936118752187,0.0,0.0,4209.0,3.0,0.0,L
244.70,1789278272.351,none,-1,,,,-0.17410490868860967,11.662936118752187,0.0,0.0,4309.0,3.0,0.0,L
244.75,1789278272.401,none,-1,,,,-0.1396967934016926,11.662936118752187,0.0,0.0,4344.0,3.0,0.0,L
244.80,1789278272.451,none,-1,,,,-0.11165080019556396,11.662936118752187,0.0,0.0,4678.0,3.0,0.0,L
244.85,1789278272.501,none,-1,,,,-0.08036416384017366,11.55228322684758,0.0,0.0,5477.0,6.0,0.0,L
244.90,1789278272.551,none,-1,,,,-0.05957957555498874,11.201481996357169,0.0,0.0,5587.0,7.0,0.0,L
244.95,1789278272.602,none,-1,,,,-0.011741126620750587,10.763071950509223,0.0,0.0,5587.0,7.0,0.0,L
245.00,1789278272.651,none,-1,,,,0.024451031931489887,10.188313053672825,0.0,0.0,5898.0,6.0,0.0,L
245.05,1789278272.701,none,-1,,,,0.034894230527913454,9.52481649197268,0.0,0.0,5965.0,5.0,0.0,L
245.10,1789278272.751,none,-1,,,,0.05084247030564793,8.753413563751995,0.0,0.0,5778.0,5.0,0.0,L
245.15,1789278272.801,none,-1,,,,0.07861032204269658,7.926426370577577,0.0,0.0,6072.0,6.0,0.0,L
245.15,1789278272.801,path,0,0.000,0.000,,0.07861032204269658,7.926426370577577,0.0,0.0,6072.0,6.0,0.0,L
245.15,1789278272.801,path,1,0.132,0.000,,0.07861032204269658,7.926426370577577,0.0,0.0,6072.0,6.0,0.0,L
245.15,1789278272.801,path,2,0.263,0.002,,0.07861032204269658,7.926426370577577,0.0,0.0,6072.0,6.0,0.0,L
245.15,1789278272.801,path,3,0.394,0.003,,0.07861032204269658,7.926426370577577,0.0,0.0,6072.0,6.0,0.0,L
245.15,1789278272.801,path,4,0.525,0.003,,0.07861032204269658,7.926426370577577,0.0,0.0,6072.0,6.0,0.0,L
245.15,1789278272.801,path,5,0.660,0.002,,0.07861032204269658,7.926426370577577,0.0,0.0,6072.0,6.0,0.0,L
245.15,1789278272.801,path,6,0.792,-0.003,,0.07861032204269658,7.926426370577577,0.0,0.0,6072.0,6.0,0.0,L
245.15,1789278272.801,path,7,0.923,-0.011,,0.07861032204269658,7.926426370577577,0.0,0.0,6072.0,6.0,0.0,L
245.15,1789278272.801,path,8,1.051,-0.022,,0.07861032204269658,7.926426370577577,0.0,0.0,6072.0,6.0,0.0,L
245.15,1789278272.801,path,9,1.178,-0.036,,0.07861032204269658,7.926426370577577,0.0,0.0,6072.0,6.0,0.0,L
245.15,1789278272.801,path,10,1.307,-0.052,,0.07861032204269658,7.926426370577577,0.0,0.0,6072.0,6.0,0.0,L
245.15,1789278272.801,path,11,1.436,-0.072,,0.07861032204269658,7.926426370577577,0.0,0.0,6072.0,6.0,0.0,L
245.15,1789278272.801,path,12,1.565,-0.093,,0.07861032204269658,7.926426370577577,0.0,0.0,6072.0,6.0,0.0,L
245.15,1789278272.801,path,13,1.697,-0.119,,0.07861032204269658,7.926426370577577,0.0,0.0,6072.0,6.0,0.0,L
245.15,1789278272.801,path,14,1.830,-0.146,,0.07861032204269658,7.926426370577577,0.0,0.0,6072.0,6.0,0.0,L
245.15,1789278272.801,path,15,1.960,-0.176,,0.07861032204269658,7.926426370577577,0.0,0.0,6072.0,6.0,0.0,L
245.15,1789278272.801,path,16,2.088,-0.208,,0.07861032204269658,7.926426370577577,0.0,0.0,6072.0,6.0,0.0,L
245.15,1789278272.801,path,17,2.217,-0.241,,0.07861032204269658,7.926426370577577,0.0,0.0,6072.0,6.0,0.0,L
245.15,1789278272.801,path,18,2.348,-0.275,,0.07861032204269658,7.926426370577577,0.0,0.0,6072.0,6.0,0.0,L
245.15,1789278272.801,path,19,2.479,-0.310,,0.07861032204269658,7.926426370577577,0.0,0.0,6072.0,6.0,0.0,L
245.15,1789278272.801,path,20,2.612,-0.346,,0.07861032204269658,7.926426370577577,0.0,0.0,6072.0,6.0,0.0,L
245.20,1789278272.852,none,-1,,,,0.10532561138946815,6.983283856529409,0.0,0.0,6454.0,6.0,0.0,L
245.25,1789278272.902,none,-1,,,,0.08682693716313611,5.9415776803565885,0.0,0.0,6231.0,6.0,0.0,L
245.30,1789278272.951,none,-1,,,,0.09639592711675005,4.831477971805728,0.0,0.0,5411.0,4.0,0.0,L
245.35,1789278273.001,none,-1,,,,0.10428866151404333,3.7365341188841277,0.0,0.0,5553.0,5.0,0.0,L
245.40,1789278273.051,none,-1,,,,0.11162183184083796,2.692134096716191,0.0,0.0,5465.0,6.0,0.0,L
245.45,1789278273.102,none,-1,,,,0.07423672119715694,1.6417742364592454,0.0,0.0,5431.0,5.0,0.0,L
245.50,1789278273.151,none,-1,,,,0.07039086986626245,0.5471578504019748,0.0,0.0,4929.0,4.0,0.0,L
245.55,1789278273.201,none,-1,,,,0.06261684742046261,-0.5242828743763162,0.0,0.0,4954.0,3.0,0.0,L
245.60,1789278273.251,none,-1,,,,0.05858959381859475,-1.4948983177324635,0.0,0.0,5215.0,4.0,0.0,L
245.65,1789278273.301,none,-1,,,,0.006643164918140247,-2.312344606336278,0.0,0.0,5246.0,5.0,0.0,L
245.70,1789278273.352,none,-1,,,,0.006643164918140247,-3.0373916229718647,0.0,0.0,5021.0,5.0,0.0,L
245.75,1789278273.402,none,-1,,,,-0.02086026763056133,-3.6604850902351966,0.0,0.0,5086.0,3.0,0.0,L
245.80,1789278273.451,none,-1,,,,-0.04382524129826072,-4.22926309878363,0.0,0.0,5356.0,4.0,0.0,L
245.85,1789278273.501,none,-1,,,,-0.10526554151594343,-4.725484880320812,0.0,0.0,5829.0,3.0,0.0,L
245.90,1789278273.551,none,-1,,,,-0.12027541662061234,-5.1012348589447525,0.0,0.0,5561.0,3.0,0.0,L
245.95,1789278273.602,none,-1,,,,-0.14549486096424688,-5.337714840168498,0.0,0.0,5426.0,3.0,0.0,L
246.00,1789278273.651,none,-1,,,,-0.17283467079380616,-5.337714840168498,0.0,0.0,5337.0,3.0,0.0,L
246.05,1789278273.702,cone,0,7.950,2.699,306,-0.21307464414965682,-5.337714840168498,0.075,1.0,5515.0,4.0,0.0,L
246.10,1789278273.752,cone,0,7.950,2.699,306,-0.2287477248076957,-5.337714840168498,0.15,1.0,5515.0,4.0,0.0,L
246.15,1789278273.801,cone,0,7.777,2.688,324,-0.2552749387810375,-5.261427907666667,0.22499999999999998,1.0,5857.0,3.0,0.0,L
246.15,1789278273.801,path,0,0.000,0.000,,-0.2552749387810375,-5.261427907666667,0.22499999999999998,1.0,5857.0,3.0,0.0,L
246.15,1789278273.801,path,1,0.126,0.000,,-0.2552749387810375,-5.261427907666667,0.22499999999999998,1.0,5857.0,3.0,0.0,L
246.15,1789278273.801,path,2,0.252,0.003,,-0.2552749387810375,-5.261427907666667,0.22499999999999998,1.0,5857.0,3.0,0.0,L
246.15,1789278273.801,path,3,0.377,0.008,,-0.2552749387810375,-5.261427907666667,0.22499999999999998,1.0,5857.0,3.0,0.0,L
246.15,1789278273.801,path,4,0.500,0.018,,-0.2552749387810375,-5.261427907666667,0.22499999999999998,1.0,5857.0,3.0,0.0,L
246.15,1789278273.801,path,5,0.621,0.031,,-0.2552749387810375,-5.261427907666667,0.22499999999999998,1.0,5857.0,3.0,0.0,L
246.15,1789278273.801,path,6,0.744,0.048,,-0.2552749387810375,-5.261427907666667,0.22499999999999998,1.0,5857.0,3.0,0.0,L
246.15,1789278273.801,path,7,0.864,0.068,,-0.2552749387810375,-5.261427907666667,0.22499999999999998,1.0,5857.0,3.0,0.0,L
246.15,1789278273.801,path,8,0.983,0.091,,-0.2552749387810375,-5.261427907666667,0.22499999999999998,1.0,5857.0,3.0,0.0,L
246.15,1789278273.801,path,9,1.105,0.118,,-0.2552749387810375,-5.261427907666667,0.22499999999999998,1.0,5857.0,3.0,0.0,L
246.15,1789278273.801,path,10,1.225,0.150,,-0.2552749387810375,-5.261427907666667,0.22499999999999998,1.0,5857.0,3.0,0.0,L
246.15,1789278273.801,path,11,1.345,0.186,,-0.2552749387810375,-5.261427907666667,0.22499999999999998,1.0,5857.0,3.0,0.0,L
246.15,1789278273.801,path,12,1.464,0.227,,-0.2552749387810375,-5.261427907666667,0.22499999999999998,1.0,5857.0,3.0,0.0,L
246.15,1789278273.801,path,13,1.579,0.271,,-0.2552749387810375,-5.261427907666667,0.22499999999999998,1.0,5857.0,3.0,0.0,L
246.15,1789278273.801,path,14,1.698,0.322,,-0.2552749387810375,-5.261427907666667,0.22499999999999998,1.0,5857.0,3.0,0.0,L
246.15,1789278273.801,path,15,1.814,0.377,,-0.2552749387810375,-5.261427907666667,0.22499999999999998,1.0,5857.0,3.0,0.0,L
246.15,1789278273.801,path,16,1.925,0.435,,-0.2552749387810375,-5.261427907666667,0.22499999999999998,1.0,5857.0,3.0,0.0,L
246.15,1789278273.801,path,17,2.031,0.497,,-0.2552749387810375,-5.261427907666667,0.22499999999999998,1.0,5857.0,3.0,0.0,L
246.15,1789278273.801,path,18,2.139,0.565,,-0.2552749387810375,-5.261427907666667,0.22499999999999998,1.0,5857.0,3.0,0.0,L
246.15,1789278273.801,path,19,2.245,0.638,,-0.2552749387810375,-5.261427907666667,0.22499999999999998,1.0,5857.0,3.0,0.0,L
246.15,1789278273.801,path,20,2.345,0.713,,-0.2552749387810375,-5.261427907666667,0.22499999999999998,1.0,5857.0,3.0,0.0,L
246.20,1789278273.852,cone,0,7.528,2.709,305,-0.2820976729971351,-5.0653198538523,0.3,1.0,6021.0,5.0,0.0,L
246.25,1789278273.901,cone,0,7.470,2.322,415,-0.31468902542477944,-4.729922697646993,0.22499999999999998,1.0,6338.0,3.0,0.0,L
246.30,1789278273.951,cone,0,7.271,2.425,470,-0.33092111568163773,-4.259368138626928,0.3,1.0,6654.0,3.0,0.0,L
246.35,1789278274.001,cone,0,7.095,2.756,348,-0.35304800582390755,-3.6853016349915277,0.375,1.0,6536.0,4.0,0.0,L
246.40,1789278274.052,none,-1,,,,-0.3749972550723242,-3.0417139500104566,0.375,0.0,6536.0,4.0,0.0,L
246.45,1789278274.101,cone,0,7.003,2.458,377,-0.38866969072956,-2.279930507970524,0.45,1.0,6679.0,3.0,0.0,L
246.50,1789278274.151,cone,0,7.003,2.458,377,-0.4020478142692277,-1.4193096552344704,0.525,1.0,6679.0,3.0,0.0,L
246.55,1789278274.201,cone,0,6.804,2.327,344,-0.4199850214231603,-0.4420048168079253,0.6,1.0,6804.0,3.0,0.0,L
246.60,1789278274.251,cone,0,6.804,2.327,344,-0.437611871810483,0.6256453447434186,0.6749999999999999,1.0,6804.0,3.0,0.0,L
246.65,1789278274.301,cone,0,6.537,2.099,340,-0.45543673100416576,1.7829305125730008,0.6054549961880855,1.0,6851.0,3.0,0.0,L
246.70,1789278274.351,cone,0,6.405,1.938,290,-0.4304580811992443,3.0446131580507547,0.6045944367128566,1.0,6903.0,3.0,0.0,L
246.75,1789278274.402,cone,0,6.297,1.786,312,-0.44352313119567155,4.384860155778544,0.5782523937342339,1.0,7003.0,3.0,0.0,L
246.80,1789278274.451,cone,0,6.240,1.693,312,-0.4516459535000507,5.79557550898043,0.6230865154051388,1.0,7056.0,2.0,0.0,L
246.85,1789278274.501,none,-1,,,,-0.41202276950880534,7.301945854989188,0.6230865154051388,0.0,7056.0,2.0,0.0,L
246.90,1789278274.552,cone,0,6.071,1.373,330,-0.41151096737331894,8.93498198153203,0.6480046931781542,1.0,7365.0,2.0,0.0,L
246.95,1789278274.601,cone,0,5.936,1.060,338,-0.40931050271305613,10.638009950106863,0.5730046931781543,1.0,7311.0,2.0,0.0,L
247.00,1789278274.651,cone,0,5.871,1.002,325,-0.4054306248252788,12.311262925599095,0.5849734111983163,1.0,7222.0,2.0,0.0,L
247.05,1789278274.701,none,-1,,,,-0.33731299477412807,13.946067667437942,0.5849734111983163,0.0,7222.0,2.0,0.0,L
247.10,1789278274.752,cone,0,5.686,0.696,338,-0.3226702705133436,15.54274136094059,0.6316555219691906,1.0,7682.0,3.0,0.0,L
247.15,1789278274.801,cone,0,5.458,0.221,357,-0.30019945149218497,17.133513055584622,0.5566555219691907,1.0,7852.0,3.0,0.0,L
247.15,1789278274.801,path,0,0.000,0.000,,-0.30019945149218497,17.133513055584622,0.5566555219691907,1.0,7852.0,3.0,0.0,L
247.15,1789278274.801,path,1,0.179,0.001,,-0.30019945149218497,17.133513055584622,0.5566555219691907,1.0,7852.0,3.0,0.0,L
247.15,1789278274.801,path,2,0.404,0.006,,-0.30019945149218497,17.133513055584622,0.5566555219691907,1.0,7852.0,3.0,0.0,L
247.15,1789278274.801,path,3,0.665,0.005,,-0.30019945149218497,17.133513055584622,0.5566555219691907,1.0,7852.0,3.0,0.0,L
247.15,1789278274.801,path,4,0.930,-0.012,,-0.30019945149218497,17.133513055584622,0.5566555219691907,1.0,7852.0,3.0,0.0,L
247.15,1789278274.801,path,5,1.192,-0.053,,-0.30019945149218497,17.133513055584622,0.5566555219691907,1.0,7852.0,3.0,0.0,L
247.15,1789278274.801,path,6,1.449,-0.117,,-0.30019945149218497,17.133513055584622,0.5566555219691907,1.0,7852.0,3.0,0.0,L
247.15,1789278274.801,path,7,1.700,-0.203,,-0.30019945149218497,17.133513055584622,0.5566555219691907,1.0,7852.0,3.0,0.0,L
247.15,1789278274.801,path,8,1.941,-0.312,,-0.30019945149218497,17.133513055584622,0.5566555219691907,1.0,7852.0,3.0,0.0,L
247.15,1789278274.801,path,9,2.173,-0.441,,-0.30019945149218497,17.133513055584622,0.5566555219691907,1.0,7852.0,3.0,0.0,L
247.15,1789278274.801,path,10,2.399,-0.580,,-0.30019945149218497,17.133513055584622,0.5566555219691907,1.0,7852.0,3.0,0.0,L
247.15,1789278274.801,path,11,2.623,-0.721,,-0.30019945149218497,17.133513055584622,0.5566555219691907,1.0,7852.0,3.0,0.0,L
247.15,1789278274.801,path,12,2.852,-0.856,,-0.30019945149218497,17.133513055584622,0.5566555219691907,1.0,7852.0,3.0,0.0,L
247.15,1789278274.801,path,13,3.088,-0.977,,-0.30019945149218497,17.133513055584622,0.5566555219691907,1.0,7852.0,3.0,0.0,L
247.15,1789278274.801,path,14,3.329,-1.087,,-0.30019945149218497,17.133513055584622,0.5566555219691907,1.0,7852.0,3.0,0.0,L
247.15,1789278274.801,path,15,3.575,-1.187,,-0.30019945149218497,17.133513055584622,0.5566555219691907,1.0,7852.0,3.0,0.0,L
247.15,1789278274.801,path,16,3.824,-1.276,,-0.30019945149218497,17.133513055584622,0.5566555219691907,1.0,7852.0,3.0,0.0,L
247.15,1789278274.801,path,17,4.077,-1.356,,-0.30019945149218497,17.133513055584622,0.5566555219691907,1.0,7852.0,3.0,0.0,L
247.15,1789278274.801,path,18,4.331,-1.434,,-0.30019945149218497,17.133513055584622,0.5566555219691907,1.0,7852.0,3.0,0.0,L
247.15,1789278274.801,path,19,4.584,-1.512,,-0.30019945149218497,17.133513055584622,0.5566555219691907,1.0,7852.0,3.0,0.0,L
247.15,1789278274.801,path,20,4.838,-1.590,,-0.30019945149218497,17.133513055584622,0.5566555219691907,1.0,7852.0,3.0,0.0,L
247.20,1789278274.851,cone,0,5.401,0.185,366,-0.27530262593160315,18.66736758417014,0.48165552196919065,1.0,8031.0,4.0,0.0,L
247.25,1789278274.901,cone,0,5.291,0.082,311,-0.17837078963794636,20.059691730669,0.47374264432202695,1.0,8108.0,4.0,0.0,L
247.30,1789278274.951,cone,0,5.182,-0.027,315,-0.1508655295234777,21.281280890221932,0.46424491075581575,1.0,8041.0,5.0,0.0,L
247.35,1789278275.001,cone,0,5.042,-0.126,309,-0.1111711701242242,22.35912737647485,0.4501273082556734,1.0,8388.0,6.0,0.0,L
247.40,1789278275.051,cone,0,4.920,-0.247,300,-0.06969182639463381,23.261115190218913,0.40657695111108794,1.0,8122.0,6.0,0.0,L
247.45,1789278275.101,cone,0,4.798,-0.348,299,0.015101478982366247,24.049206805365216,0.4124978148382621,1.0,8218.0,6.0,0.0,L
247.50,1789278275.151,cone,0,4.647,-0.449,290,0.046799860127984164,24.763243888125377,0.34587536879390934,1.0,8248.0,6.0,0.0,L
247.55,1789278275.201,cone,0,4.543,-0.511,300,0.09828538959795102,25.428016892775936,0.3478912650769004,1.0,8228.0,6.0,0.0,L
247.60,1789278275.252,cone,0,4.424,-0.580,322,0.15080098131306033,26.092703274833745,0.33526869781968816,1.0,8137.0,6.0,0.0,L
247.65,1789278275.301,cone,0,4.283,-0.643,303,0.2042197419817228,26.774831710857132,0.31982304166208153,1.0,8013.0,7.0,0.0,L
247.70,1789278275.351,cone,0,4.226,-0.700,298,0.20609428648272496,27.40285514243579,0.2891043277017804,1.0,8132.0,7.0,0.0,L
247.75,1789278275.401,cone,0,4.052,-0.726,295,0.2815297225616453,27.955325275216403,0.2999874774546092,1.0,8211.0,7.0,0.0,L
247.80,1789278275.451,cone,0,3.959,-0.757,301,0.3342199868233689,28.40066361979832,0.31121498397215186,1.0,8007.0,7.0,0.0,L
247.85,1789278275.501,cone,0,3.771,-0.824,295,0.3920648336027838,28.71922693453237,0.24172212865770404,1.0,7779.0,6.0,0.0,L
247.90,1789278275.551,cone,0,3.654,-0.854,279,0.4285655814797712,28.95284352914542,0.21067284515632534,1.0,7835.0,6.0,0.0,L
247.95,1789278275.601,cone,0,3.546,-0.852,284,0.4822500842799825,29.02562774604181,0.21067284515632534,2.0,7618.0,7.0,0.0,L
247.95,1789278275.601,cone,1,7.603,-5.221,283,0.4822500842799825,29.02562774604181,0.21067284515632534,2.0,7618.0,7.0,0.0,L
248.00,1789278275.652,cone,0,3.460,-0.863,286,0.537492201374985,28.956079048986417,0.21067284515632534,2.0,7731.0,7.0,0.0,L
248.00,1789278275.652,cone,1,7.480,-5.234,270,0.537492201374985,28.956079048986417,0.21067284515632534,2.0,7731.0,7.0,0.0,L
248.05,1789278275.702,cone,0,3.326,-0.866,275,0.5941238642210301,28.702589283917305,0.21067284515632534,2.0,7667.0,8.0,0.0,L
248.05,1789278275.702,cone,1,7.372,-5.232,267,0.5941238642210301,28.702589283917305,0.21067284515632534,2.0,7667.0,8.0,0.0,L
248.10,1789278275.751,cone,0,3.233,-0.836,282,0.6303580162224787,28.286353728825304,0.18590571954752622,2.0,7521.0,8.0,0.0,L
248.10,1789278275.751,cone,1,7.267,-5.205,275,0.6303580162224787,28.286353728825304,0.18590571954752622,2.0,7521.0,8.0,0.0,L
248.15,1789278275.801,cone,0,3.099,-0.866,294,0.6899732810064684,27.72874773872157,0.12580837605045647,2.0,7260.0,7.0,0.0,L
248.15,1789278275.801,cone,1,7.169,-5.183,275,0.6899732810064684,27.72874773872157,0.12580837605045647,2.0,7260.0,7.0,0.0,L
248.15,1789278275.801,path,0,0.000,0.000,,0.6899732810064684,27.72874773872157,0.12580837605045647,2.0,7260.0,7.0,0.0,L
248.20,1789278275.851,cone,0,2.967,-0.839,274,0.7497464180881032,27.026861236554673,0.20080837605045648,2.0,7367.0,7.0,0.0,L
248.20,1789278275.851,cone,1,7.096,-5.101,267,0.7497464180881032,27.026861236554673,0.20080837605045648,2.0,7367.0,7.0,0.0,L
248.25,1789278275.902,cone,0,2.865,-0.833,286,0.7739372797776478,26.17990029341488,0.2758083760504565,2.0,7419.0,7.0,0.0,L
248.25,1789278275.902,cone,1,7.019,-4.971,285,0.7739372797776478,26.17990029341488,0.2758083760504565,2.0,7419.0,7.0,0.0,L
248.30,1789278275.952,cone,0,2.794,-0.775,293,0.8087845289759983,25.20327031833858,0.3508083760504565,2.0,7315.0,7.0,0.0,L
248.30,1789278275.952,cone,1,6.998,-4.919,299,0.8087845289759983,25.20327031833858,0.3508083760504565,2.0,7315.0,7.0,0.0,L
248.35,1789278276.002,cone,0,2.698,-0.747,292,0.85293505939639,24.12030277124064,0.33361694637283046,2.0,7334.0,8.0,0.0,L
248.35,1789278276.002,cone,1,6.990,-4.809,308,0.85293505939639,24.12030277124064,0.33361694637283046,2.0,7334.0,8.0,0.0,L
248.40,1789278276.052,cone,0,2.611,-0.665,296,0.8963304613095489,22.920366640765177,0.25861694637283045,1.0,7333.0,7.0,0.0,L
248.45,1789278276.101,cone,0,2.611,-0.665,296,0.8963304613095489,22.920366640765177,0.25861694637283045,1.0,7333.0,7.0,0.0,L
248.50,1789278276.152,cone,0,2.611,-0.665,296,0.8963304613095489,22.920366640765177,0.25861694637283045,1.0,7333.0,7.0,0.0,L
248.55,1789278276.202,cone,0,2.611,-0.665,296,0.8963304613095489,22.920366640765177,0.25861694637283045,1.0,7333.0,7.0,0.0,L
248.60,1789278276.251,cone,0,2.611,-0.665,296,0.8963304613095489,22.920366640765177,0.25861694637283045,1.0,7333.0,7.0,0.0,L
248.65,1789278276.301,cone,0,2.611,-0.665,296,0.8963304613095489,22.920366640765177,0.25861694637283045,1.0,7333.0,7.0,0.0,L
248.70,1789278276.351,cone,0,2.611,-0.665,296,0.8963304613095489,22.920366640765177,0.25861694637283045,1.0,7333.0,7.0,0.0,L
248.75,1789278276.401,cone,0,2.611,-0.665,296,0.8963304613095489,22.920366640765177,0.25861694637283045,1.0,7333.0,7.0,0.0,L
248.80,1789278276.451,cone,0,2.611,-0.665,296,0.8963304613095489,22.920366640765177,0.25861694637283045,1.0,7333.0,7.0,0.0,L
248.85,1789278276.501,cone,0,2.611,-0.665,296,0.8963304613095489,22.920366640765177,0.25861694637283045,1.0,7333.0,7.0,0.0,L
248.90,1789278276.552,cone,0,2.611,-0.665,296,0.8963304613095489,22.920366640765177,0.25861694637283045,1.0,7333.0,7.0,0.0,L
248.95,1789278276.601,cone,0,2.611,-0.665,296,0.8963304613095489,22.920366640765177,0.25861694637283045,1.0,7333.0,7.0,0.0,L
249.00,1789278276.651,cone,0,2.611,-0.665,296,0.8963304613095489,22.920366640765177,0.25861694637283045,1.0,7333.0,7.0,0.0,L
249.05,1789278276.701,cone,0,2.611,-0.665,296,0.8963304613095489,22.920366640765177,0.25861694637283045,1.0,7333.0,7.0,0.0,L
249.10,1789278276.751,cone,0,2.611,-0.665,296,0.8963304613095489,22.920366640765177,0.25861694637283045,1.0,7333.0,7.0,0.0,L
249.15,1789278276.801,cone,0,2.611,-0.665,296,0.8963304613095489,22.920366640765177,0.25861694637283045,1.0,7333.0,7.0,0.0,L
249.15,1789278276.801,path,0,0.000,0.000,,0.8963304613095489,22.920366640765177,0.25861694637283045,1.0,7333.0,7.0,0.0,L
249.20,1789278276.852,cone,0,2.611,-0.665,296,0.8963304613095489,22.920366640765177,0.25861694637283045,1.0,7333.0,7.0,0.0,L
249.25,1789278276.902,cone,0,2.611,-0.665,296,0.8963304613095489,22.920366640765177,0.25861694637283045,1.0,7333.0,7.0,0.0,L
249.30,1789278276.952,cone,0,2.611,-0.665,296,0.8963304613095489,22.920366640765177,0.25861694637283045,1.0,7333.0,7.0,0.0,L
249.35,1789278277.001,cone,0,2.611,-0.665,296,0.8963304613095489,22.920366640765177,0.25861694637283045,1.0,7333.0,7.0,0.0,L
249.40,1789278277.052,cone,0,2.611,-0.665,296,,,,,,,,L
249.45,1789278277.101,cone,0,2.611,-0.665,296,,,,,,,,L
249.50,1789278277.151,cone,0,2.611,-0.665,296,,,,,,,,L
249.55,1789278277.201,cone,0,2.611,-0.665,296,,,,,,,,L
249.60,1789278277.251,cone,0,2.611,-0.665,296,,,,,,,,L
249.65,1789278277.301,cone,0,2.611,-0.665,296,,,,,,,,L
249.70,1789278277.351,cone,0,2.611,-0.665,296,,,,,,,,L
249.75,1789278277.401,cone,0,2.611,-0.665,296,,,,,,,,L
249.80,1789278277.451,cone,0,2.611,-0.665,296,,,,,,,,L
249.85,1789278277.501,cone,0,2.611,-0.665,296,,,,,,,,L
249.90,1789278277.552,cone,0,2.611,-0.665,296,,,,,,,,L
249.95,1789278277.601,cone,0,2.611,-0.665,296,,,,,,,,L
250.00,1789278277.652,cone,0,2.611,-0.665,296,,,,,,,,L
250.05,1789278277.702,cone,0,2.611,-0.665,296,,,,,,,,L
250.10,1789278277.752,cone,0,1.078,1.411,334,-0.005861625507013432,-32.577069196953786,-0.33730031960837625,2.0,8730.0,6.0,0.0,L
250.10,1789278277.752,cone,1,7.803,6.239,304,-0.005861625507013432,-32.577069196953786,-0.33730031960837625,2.0,8730.0,6.0,0.0,L
250.15,1789278277.801,cone,0,1.078,1.411,334,-0.07672797854350619,-33.206138211889055,-0.41230031960837626,2.0,8730.0,6.0,0.0,L
250.15,1789278277.801,cone,1,7.803,6.239,304,-0.07672797854350619,-33.206138211889055,-0.41230031960837626,2.0,8730.0,6.0,0.0,L
250.15,1789278277.801,path,0,0.000,0.000,,-0.07672797854350619,-33.206138211889055,-0.41230031960837626,2.0,8730.0,6.0,0.0,L
250.15,1789278277.801,path,1,0.219,-0.004,,-0.07672797854350619,-33.206138211889055,-0.41230031960837626,2.0,8730.0,6.0,0.0,L
250.15,1789278277.801,path,2,0.429,-0.018,,-0.07672797854350619,-33.206138211889055,-0.41230031960837626,2.0,8730.0,6.0,0.0,L
250.15,1789278277.801,path,3,0.628,-0.035,,-0.07672797854350619,-33.206138211889055,-0.41230031960837626,2.0,8730.0,6.0,0.0,L
250.15,1789278277.801,path,4,0.792,-0.049,,-0.07672797854350619,-33.206138211889055,-0.41230031960837626,2.0,8730.0,6.0,0.0,L
250.15,1789278277.801,path,5,0.936,-0.057,,-0.07672797854350619,-33.206138211889055,-0.41230031960837626,2.0,8730.0,6.0,0.0,L
250.15,1789278277.801,path,6,1.061,-0.060,,-0.07672797854350619,-33.206138211889055,-0.41230031960837626,2.0,8730.0,6.0,0.0,L
250.15,1789278277.801,path,7,1.195,-0.059,,-0.07672797854350619,-33.206138211889055,-0.41230031960837626,2.0,8730.0,6.0,0.0,L
250.15,1789278277.801,path,8,1.374,-0.049,,-0.07672797854350619,-33.206138211889055,-0.41230031960837626,2.0,8730.0,6.0,0.0,L
250.15,1789278277.801,path,9,1.590,-0.024,,-0.07672797854350619,-33.206138211889055,-0.41230031960837626,2.0,8730.0,6.0,0.0,L
250.15,1789278277.801,path,10,1.825,0.022,,-0.07672797854350619,-33.206138211889055,-0.41230031960837626,2.0,8730.0,6.0,0.0,L
250.15,1789278277.801,path,11,2.032,0.078,,-0.07672797854350619,-33.206138211889055,-0.41230031960837626,2.0,8730.0,6.0,0.0,L
250.15,1789278277.801,path,12,2.254,0.154,,-0.07672797854350619,-33.206138211889055,-0.41230031960837626,2.0,8730.0,6.0,0.0,L
250.15,1789278277.801,path,13,2.465,0.237,,-0.07672797854350619,-33.206138211889055,-0.41230031960837626,2.0,8730.0,6.0,0.0,L
250.15,1789278277.801,path,14,2.658,0.322,,-0.07672797854350619,-33.206138211889055,-0.41230031960837626,2.0,8730.0,6.0,0.0,L
250.15,1789278277.801,path,15,2.819,0.399,,-0.07672797854350619,-33.206138211889055,-0.41230031960837626,2.0,8730.0,6.0,0.0,L
250.15,1789278277.801,path,16,2.971,0.479,,-0.07672797854350619,-33.206138211889055,-0.41230031960837626,2.0,8730.0,6.0,0.0,L
250.15,1789278277.801,path,17,3.111,0.559,,-0.07672797854350619,-33.206138211889055,-0.41230031960837626,2.0,8730.0,6.0,0.0,L
250.15,1789278277.801,path,18,3.238,0.638,,-0.07672797854350619,-33.206138211889055,-0.41230031960837626,2.0,8730.0,6.0,0.0,L
250.15,1789278277.801,path,19,3.383,0.733,,-0.07672797854350619,-33.206138211889055,-0.41230031960837626,2.0,8730.0,6.0,0.0,L
250.15,1789278277.801,path,20,3.536,0.834,,-0.07672797854350619,-33.206138211889055,-0.41230031960837626,2.0,8730.0,6.0,0.0,L
250.20,1789278277.851,cone,0,1.015,1.421,342,-0.12663930815103444,-33.698327232186436,-0.44762169443060007,2.0,9668.0,5.0,0.0,L
250.20,1789278277.851,cone,1,5.833,5.547,1709,-0.12663930815103444,-33.698327232186436,-0.44762169443060007,2.0,9668.0,5.0,0.0,L
250.25,1789278277.902,cone,0,1.015,1.421,342,-0.23902649372288437,-34.020062060569785,-0.5226216944306,2.0,9668.0,5.0,0.0,L
250.25,1789278277.902,cone,1,5.833,5.547,1709,-0.23902649372288437,-34.020062060569785,-0.5226216944306,2.0,9668.0,5.0,0.0,L
250.30,1789278277.951,cone,0,0.909,1.447,323,-0.2816004833051364,-34.15190978876955,-0.5346718064131348,2.0,9608.0,5.0,0.0,L
250.30,1789278277.951,cone,1,5.772,5.524,1681,-0.2816004833051364,-34.15190978876955,-0.5346718064131348,2.0,9608.0,5.0,0.0,L
250.35,1789278278.002,cone,0,4.736,5.632,952,-0.31629981796804785,-34.22315787033052,-0.4596718064131348,2.0,9267.0,7.0,0.0,L
250.35,1789278278.002,cone,1,7.645,5.941,443,-0.31629981796804785,-34.22315787033052,-0.4596718064131348,2.0,9267.0,7.0,0.0,L
250.40,1789278278.051,cone,0,4.736,5.632,952,-0.3511300211288975,-34.18585982853531,-0.3846718064131348,2.0,9267.0,7.0,0.0,L
250.40,1789278278.051,cone,1,7.645,5.941,443,-0.3511300211288975,-34.18585982853531,-0.3846718064131348,2.0,9267.0,7.0,0.0,L
250.45,1789278278.101,cone,0,4.715,5.619,948,-0.3820174659025265,-34.18438616593478,-0.3096718064131348,2.0,9303.0,7.0,0.0,L
250.45,1789278278.101,cone,1,7.616,5.938,427,-0.3820174659025265,-34.18438616593478,-0.3096718064131348,2.0,9303.0,7.0,0.0,L
250.50,1789278278.151,cone,0,4.624,5.749,889,-0.3820174659025265,-34.20849154305464,-0.2346718064131348,2.0,9395.0,7.0,0.0,L
250.50,1789278278.151,cone,1,7.665,6.025,425,-0.3820174659025265,-34.20849154305464,-0.2346718064131348,2.0,9395.0,7.0,0.0,L
250.55,1789278278.201,cone,0,7.600,6.631,114,-0.3820174659025265,-34.17388743224765,-0.3096718064131348,1.0,8197.0,6.0,0.0,L
250.60,1789278278.251,cone,0,7.600,6.631,114,-0.3820174659025265,-34.16856205881869,-0.3846718064131348,1.0,8197.0,6.0,0.0,L
250.65,1789278278.301,cone,0,7.712,6.457,197,-0.38358168830953215,-34.203162384966014,-0.4596718064131348,1.0,8670.0,7.0,0.0,L
250.70,1789278278.352,cone,0,7.712,6.457,197,-0.38358168830953215,-34.213997450951425,-0.5346718064131348,1.0,8670.0,7.0,0.0,L
250.75,1789278278.402,cone,0,7.712,6.457,197,-0.38358168830953215,-34.19896122757054,-0.6096718064131348,1.0,8634.0,7.0,0.0,L
250.80,1789278278.451,cone,0,7.718,6.515,168,-0.38358168830953215,-34.207194728644296,-0.5740985543256929,1.0,8485.0,7.0,0.0,L
250.85,1789278278.501,cone,0,7.729,6.465,196,-0.3934047543230785,-34.20284491984243,-0.6310969878504158,1.0,8484.0,7.0,0.0,L
250.90,1789278278.551,cone,0,7.722,6.460,194,-0.3934047543230785,-34.17356872867024,-0.6257981048298615,1.0,8587.0,7.0,0.0,L
250.95,1789278278.601,cone,0,7.714,6.514,169,-0.3934047543230785,-34.17465716235386,-0.5768072556616175,1.0,8623.0,7.0,0.0,L
251.00,1789278278.651,cone,0,7.712,6.512,170,-0.3934047543230785,-34.170657719232224,-0.5774950807775434,1.0,8527.0,8.0,0.0,L
251.05,1789278278.701,cone,0,7.703,6.509,168,-0.38388014500974915,-34.17983684742788,-0.5666571758056136,1.0,8377.0,8.0,0.0,L
251.10,1789278278.751,cone,0,7.703,6.509,168,-0.38388014500974915,-34.1920198697051,-0.5687897409686788,1.0,8377.0,8.0,0.0,L
251.15,1789278278.801,cone,0,7.653,6.559,149,-0.38388014500974915,-34.201309940071305,-0.5013392756928077,1.0,8233.0,6.0,0.0,L
251.15,1789278278.801,path,0,0.000,0.000,,-0.38388014500974915,-34.201309940071305,-0.5013392756928077,1.0,8233.0,6.0,0.0,L
251.15,1789278278.801,path,1,0.277,-0.003,,-0.38388014500974915,-34.201309940071305,-0.5013392756928077,1.0,8233.0,6.0,0.0,L
251.15,1789278278.801,path,2,0.558,-0.010,,-0.38388014500974915,-34.201309940071305,-0.5013392756928077,1.0,8233.0,6.0,0.0,L
251.15,1789278278.801,path,3,0.821,-0.013,,-0.38388014500974915,-34.201309940071305,-0.5013392756928077,1.0,8233.0,6.0,0.0,L
251.15,1789278278.801,path,4,1.044,-0.005,,-0.38388014500974915,-34.201309940071305,-0.5013392756928077,1.0,8233.0,6.0,0.0,L
251.15,1789278278.801,path,5,1.267,0.019,,-0.38388014500974915,-34.201309940071305,-0.5013392756928077,1.0,8233.0,6.0,0.0,L
251.15,1789278278.801,path,6,1.463,0.055,,-0.38388014500974915,-34.201309940071305,-0.5013392756928077,1.0,8233.0,6.0,0.0,L
251.15,1789278278.801,path,7,1.613,0.092,,-0.38388014500974915,-34.201309940071305,-0.5013392756928077,1.0,8233.0,6.0,0.0,L
251.15,1789278278.801,path,8,1.729,0.127,,-0.38388014500974915,-34.201309940071305,-0.5013392756928077,1.0,8233.0,6.0,0.0,L
251.15,1789278278.801,path,9,1.842,0.165,,-0.38388014500974915,-34.201309940071305,-0.5013392756928077,1.0,8233.0,6.0,0.0,L
251.15,1789278278.801,path,10,1.981,0.219,,-0.38388014500974915,-34.201309940071305,-0.5013392756928077,1.0,8233.0,6.0,0.0,L
251.15,1789278278.801,path,11,2.108,0.276,,-0.38388014500974915,-34.201309940071305,-0.5013392756928077,1.0,8233.0,6.0,0.0,L
251.15,1789278278.801,path,12,2.215,0.329,,-0.38388014500974915,-34.201309940071305,-0.5013392756928077,1.0,8233.0,6.0,0.0,L
251.15,1789278278.801,path,13,2.323,0.390,,-0.38388014500974915,-34.201309940071305,-0.5013392756928077,1.0,8233.0,6.0,0.0,L
251.15,1789278278.801,path,14,2.435,0.457,,-0.38388014500974915,-34.201309940071305,-0.5013392756928077,1.0,8233.0,6.0,0.0,L
251.15,1789278278.801,path,15,2.559,0.535,,-0.38388014500974915,-34.201309940071305,-0.5013392756928077,1.0,8233.0,6.0,0.0,L
251.15,1789278278.801,path,16,2.682,0.614,,-0.38388014500974915,-34.201309940071305,-0.5013392756928077,1.0,8233.0,6.0,0.0,L
251.15,1789278278.801,path,17,2.823,0.704,,-0.38388014500974915,-34.201309940071305,-0.5013392756928077,1.0,8233.0,6.0,0.0,L
251.15,1789278278.801,path,18,2.956,0.791,,-0.38388014500974915,-34.201309940071305,-0.5013392756928077,1.0,8233.0,6.0,0.0,L
251.15,1789278278.801,path,19,3.110,0.897,,-0.38388014500974915,-34.201309940071305,-0.5013392756928077,1.0,8233.0,6.0,0.0,L
251.15,1789278278.801,path,20,3.263,1.011,,-0.38388014500974915,-34.201309940071305,-0.5013392756928077,1.0,8233.0,6.0,0.0,L
251.20,1789278278.851,cone,0,7.672,6.594,131,-0.38388014500974915,-34.22326386892829,-0.4869771635676521,1.0,8157.0,6.0,0.0,L
251.25,1789278278.901,cone,0,7.672,6.594,131,-0.3844265510028811,-34.23382814477578,-0.4893769983162277,1.0,8249.0,6.0,0.0,L
251.30,1789278278.952,cone,0,4.895,2.291,248,-0.3844265510028811,-34.198804995553225,-0.5643769983162277,2.0,8148.0,7.0,0.0,L
251.30,1789278278.952,cone,1,7.576,6.669,91,-0.3844265510028811,-34.198804995553225,-0.5643769983162277,2.0,8148.0,7.0,0.0,L
251.35,1789278279.001,cone,0,7.604,6.629,114,-0.3844265510028811,-34.17076209472325,-0.48937699831622766,1.0,8108.0,6.0,0.0,L
251.40,1789278279.052,cone,0,7.604,6.629,114,-0.3844265510028811,-34.134786789265036,-0.41437699831622765,1.0,8315.0,6.0,0.0,L
251.45,1789278279.102,cone,0,7.550,6.704,81,-0.3905456876144642,-34.09757597641013,-0.33937699831622764,1.0,8076.0,6.0,0.0,L
251.50,1789278279.152,cone,0,7.550,6.680,86,-0.3905456876144642,-34.03108273975333,-0.31971064363032187,1.0,8135.0,6.0,0.0,L
251.55,1789278279.201,cone,0,7.526,6.675,83,-0.3905456876144642,-33.878318702365604,-0.2837270708665647,1.0,8009.0,6.0,0.0,L
251.60,1789278279.251,cone,0,7.526,6.675,83,-0.3905456876144642,-33.715345598988655,-0.2553759927122996,1.0,8009.0,6.0,0.0,L
251.65,1789278279.301,cone,0,7.526,6.675,83,-0.41473448974727417,-33.59049750167098,-0.25785352183761456,1.0,8009.0,6.0,0.0,L
251.70,1789278279.351,cone,0,7.526,6.675,83,-0.41473448974727417,-33.37958474717615,-0.22119059518984208,1.0,8009.0,6.0,0.0,L
251.75,1789278279.401,cone,0,7.526,6.675,83,-0.41473448974727417,-33.16941974079021,-0.18467697114071746,1.0,8009.0,6.0,0.0,L
251.80,1789278279.451,cone,0,7.550,6.716,67,-0.41473448974727417,-32.8671339792204,-0.11136183126324162,1.0,8160.0,6.0,0.0,L
251.85,1789278279.501,cone,0,7.550,6.716,67,-0.4490080812075316,-32.57365195003735,-0.09450518622606707,1.0,8160.0,6.0,0.0,L
251.90,1789278279.551,none,-1,,,,-0.4694664918864284,-32.24788854360315,-0.09450518622606707,0.0,8053.0,5.0,0.0,L
251.95,1789278279.601,none,-1,,,,-0.4849310876956377,-31.884699229146964,-0.09450518622606707,0.0,8053.0,5.0,0.0,L
252.00,1789278279.651,none,-1,,,,-0.5004238996235377,-31.4594826545843,-0.09450518622606707,0.0,8204.0,4.0,0.0,L
252.05,1789278279.702,none,-1,,,,-0.4963495026445303,-31.040624090878396,-0.09450518622606707,0.0,7857.0,4.0,0.0,L
252.10,1789278279.751,none,-1,,,,-0.5176086436060511,-30.64414213034892,-0.09450518622606707,0.0,7939.0,4.0,0.0,L
252.15,1789278279.802,none,-1,,,,-0.5503787559043984,-30.176217555559656,-0.019505186226067076,0.0,8099.0,5.0,0.0,L
252.15,1789278279.802,path,0,0.000,0.000,,-0.5503787559043984,-30.176217555559656,-0.019505186226067076,0.0,8099.0,5.0,0.0,L
252.15,1789278279.802,path,1,0.251,0.003,,-0.5503787559043984,-30.176217555559656,-0.019505186226067076,0.0,8099.0,5.0,0.0,L
252.15,1789278279.802,path,2,0.493,0.020,,-0.5503787559043984,-30.176217555559656,-0.019505186226067076,0.0,8099.0,5.0,0.0,L
252.15,1789278279.802,path,3,0.724,0.055,,-0.5503787559043984,-30.176217555559656,-0.019505186226067076,0.0,8099.0,5.0,0.0,L
252.15,1789278279.802,path,4,0.926,0.101,,-0.5503787559043984,-30.176217555559656,-0.019505186226067076,0.0,8099.0,5.0,0.0,L
252.15,1789278279.802,path,5,1.117,0.159,,-0.5503787559043984,-30.176217555559656,-0.019505186226067076,0.0,8099.0,5.0,0.0,L
252.15,1789278279.802,path,6,1.281,0.221,,-0.5503787559043984,-30.176217555559656,-0.019505186226067076,0.0,8099.0,5.0,0.0,L
252.15,1789278279.802,path,7,1.404,0.275,,-0.5503787559043984,-30.176217555559656,-0.019505186226067076,0.0,8099.0,5.0,0.0,L
252.15,1789278279.802,path,8,1.515,0.329,,-0.5503787559043984,-30.176217555559656,-0.019505186226067076,0.0,8099.0,5.0,0.0,L
252.15,1789278279.802,path,9,1.628,0.391,,-0.5503787559043984,-30.176217555559656,-0.019505186226067076,0.0,8099.0,5.0,0.0,L
252.15,1789278279.802,path,10,1.744,0.461,,-0.5503787559043984,-30.176217555559656,-0.019505186226067076,0.0,8099.0,5.0,0.0,L
252.15,1789278279.802,path,11,1.858,0.537,,-0.5503787559043984,-30.176217555559656,-0.019505186226067076,0.0,8099.0,5.0,0.0,L
252.15,1789278279.802,path,12,1.959,0.611,,-0.5503787559043984,-30.176217555559656,-0.019505186226067076,0.0,8099.0,5.0,0.0,L
252.15,1789278279.802,path,13,2.063,0.694,,-0.5503787559043984,-30.176217555559656,-0.019505186226067076,0.0,8099.0,5.0,0.0,L
252.15,1789278279.802,path,14,2.161,0.781,,-0.5503787559043984,-30.176217555559656,-0.019505186226067076,0.0,8099.0,5.0,0.0,L
252.15,1789278279.802,path,15,2.251,0.868,,-0.5503787559043984,-30.176217555559656,-0.019505186226067076,0.0,8099.0,5.0,0.0,L
252.15,1789278279.802,path,16,2.337,0.956,,-0.5503787559043984,-30.176217555559656,-0.019505186226067076,0.0,8099.0,5.0,0.0,L
252.15,1789278279.802,path,17,2.422,1.052,,-0.5503787559043984,-30.176217555559656,-0.019505186226067076,0.0,8099.0,5.0,0.0,L
252.15,1789278279.802,path,18,2.506,1.155,,-0.5503787559043984,-30.176217555559656,-0.019505186226067076,0.0,8099.0,5.0,0.0,L
252.15,1789278279.802,path,19,2.587,1.263,,-0.5503787559043984,-30.176217555559656,-0.019505186226067076,0.0,8099.0,5.0,0.0,L
252.15,1789278279.802,path,20,2.664,1.376,,-0.5503787559043984,-30.176217555559656,-0.019505186226067076,0.0,8099.0,5.0,0.0,L
252.20,1789278279.851,none,-1,,,,-0.5844100388221244,-29.67508083809875,0.0,0.0,8113.0,5.0,0.0,L
252.25,1789278279.901,none,-1,,,,-0.5582539889075276,-29.190019433863043,0.0,0.0,8103.0,5.0,0.0,L
252.30,1789278279.952,none,-1,,,,-0.5843421375452783,-28.68427817096267,0.0,0.0,8158.0,4.0,0.0,L
252.35,1789278280.002,none,-1,,,,-0.618212322659713,-28.19292636593551,0.0,0.0,8158.0,4.0,0.0,L
252.40,1789278280.052,none,-1,,,,-0.652071727605316,-27.649517469748545,0.0,0.0,8308.0,4.0,0.0,L
252.45,1789278280.101,none,-1,,,,-0.6186884920102651,-27.14114910488755,0.0,0.0,8148.0,5.0,0.0,L
252.50,1789278280.151,none,-1,,,,-0.6374489670122708,-26.582917750820474,0.0,0.0,8271.0,4.0,0.0,L
252.55,1789278280.201,none,-1,,,,-0.6580785036163237,-25.987406150875398,0.0,0.0,8401.0,5.0,0.0,L
252.60,1789278280.251,none,-1,,,,-0.6782934756082466,-25.373749266973686,0.0,0.0,8401.0,5.0,0.0,L
252.65,1789278280.301,none,-1,,,,-0.6983949236113677,-24.779230883456258,0.0,0.0,8621.0,5.0,0.0,L
252.70,1789278280.351,none,-1,,,,-0.6829613280499988,-24.16764657981596,0.0,0.0,8394.0,4.0,0.0,L
252.75,1789278280.401,none,-1,,,,-0.711035775411891,-23.521331315456834,0.0,0.0,8298.0,4.0,0.0,L
252.80,1789278280.451,none,-1,,,,-0.7310216550595883,-22.872672230239267,0.0,0.0,8379.0,4.0,0.0,L
252.85,1789278280.501,none,-1,,,,-0.7379794070789115,-22.226981345215766,0.0,0.0,8378.0,4.0,0.0,L
252.90,1789278280.551,none,-1,,,,-0.7492940006797628,-21.561703368924697,0.0,0.0,8220.0,4.0,0.0,L
252.95,1789278280.602,none,-1,,,,-0.7643427079170494,-20.893880017894407,0.0,0.0,8431.0,4.0,0.0,L
253.00,1789278280.651,none,-1,,,,-0.7770276928460295,-20.209164808642967,0.0,0.0,8279.0,4.0,0.0,L
253.05,1789278280.701,none,-1,,,,-0.7738733644837841,-19.531057409052654,0.0,0.0,8279.0,4.0,0.0,L
253.10,1789278280.751,none,-1,,,,-0.7826002399698673,-18.85342089207387,0.0,0.0,8235.0,5.0,0.0,L
253.15,1789278280.801,none,-1,,,,-0.7973404078356869,-18.150765493099573,0.0,0.0,8083.0,6.0,0.0,L
253.15,1789278280.801,path,0,0.000,0.000,,-0.7973404078356869,-18.150765493099573,0.0,0.0,8083.0,6.0,0.0,L
253.15,1789278280.801,path,1,0.119,0.002,,-0.7973404078356869,-18.150765493099573,0.0,0.0,8083.0,6.0,0.0,L
253.15,1789278280.801,path,2,0.238,0.008,,-0.7973404078356869,-18.150765493099573,0.0,0.0,8083.0,6.0,0.0,L
253.15,1789278280.801,path,3,0.357,0.019,,-0.7973404078356869,-18.150765493099573,0.0,0.0,8083.0,6.0,0.0,L
253.15,1789278280.801,path,4,0.477,0.036,,-0.7973404078356869,-18.150765493099573,0.0,0.0,8083.0,6.0,0.0,L
253.15,1789278280.801,path,5,0.595,0.056,,-0.7973404078356869,-18.150765493099573,0.0,0.0,8083.0,6.0,0.0,L
253.15,1789278280.801,path,6,0.716,0.083,,-0.7973404078356869,-18.150765493099573,0.0,0.0,8083.0,6.0,0.0,L
253.15,1789278280.801,path,7,0.831,0.113,,-0.7973404078356869,-18.150765493099573,0.0,0.0,8083.0,6.0,0.0,L
253.15,1789278280.801,path,8,0.946,0.149,,-0.7973404078356869,-18.150765493099573,0.0,0.0,8083.0,6.0,0.0,L
253.15,1789278280.801,path,9,1.070,0.192,,-0.7973404078356869,-18.150765493099573,0.0,0.0,8083.0,6.0,0.0,L
253.15,1789278280.801,path,10,1.184,0.239,,-0.7973404078356869,-18.150765493099573,0.0,0.0,8083.0,6.0,0.0,L
253.15,1789278280.801,path,11,1.295,0.289,,-0.7973404078356869,-18.150765493099573,0.0,0.0,8083.0,6.0,0.0,L
253.15,1789278280.801,path,12,1.404,0.344,,-0.7973404078356869,-18.150765493099573,0.0,0.0,8083.0,6.0,0.0,L
253.15,1789278280.801,path,13,1.511,0.403,,-0.7973404078356869,-18.150765493099573,0.0,0.0,8083.0,6.0,0.0,L
253.15,1789278280.801,path,14,1.623,0.471,,-0.7973404078356869,-18.150765493099573,0.0,0.0,8083.0,6.0,0.0,L
253.15,1789278280.801,path,15,1.722,0.538,,-0.7973404078356869,-18.150765493099573,0.0,0.0,8083.0,6.0,0.0,L
253.15,1789278280.801,path,16,1.818,0.608,,-0.7973404078356869,-18.150765493099573,0.0,0.0,8083.0,6.0,0.0,L
253.15,1789278280.801,path,17,1.917,0.688,,-0.7973404078356869,-18.150765493099573,0.0,0.0,8083.0,6.0,0.0,L
253.15,1789278280.801,path,18,2.014,0.770,,-0.7973404078356869,-18.150765493099573,0.0,0.0,8083.0,6.0,0.0,L
253.15,1789278280.801,path,19,2.112,0.861,,-0.7973404078356869,-18.150765493099573,0.0,0.0,8083.0,6.0,0.0,L
253.15,1789278280.801,path,20,2.207,0.957,,-0.7973404078356869,-18.150765493099573,0.0,0.0,8083.0,6.0,0.0,L
253.20,1789278280.852,none,-1,,,,-0.8121069774806011,-17.448793552200797,0.0,0.0,8241.0,6.0,0.0,L
253.25,1789278280.901,none,-1,,,,-0.8115749614126324,-16.736067465564428,0.0,0.0,8304.0,5.0,0.0,L
253.30,1789278280.952,none,-1,,,,-0.8169001029794477,-16.031702529859782,0.0,0.0,8183.0,4.0,0.0,L
253.35,1789278281.001,none,-1,,,,-0.8250567924221728,-15.280613310116726,0.0,0.0,8179.0,4.0,0.0,L
253.40,1789278281.052,none,-1,,,,-0.8330505675044039,-14.55669318233078,0.0,0.0,8166.0,4.0,0.0,L
253.45,1789278281.102,none,-1,,,,-0.8329618446566146,-13.85852177746721,0.0,0.0,8166.0,4.0,0.0,L
253.50,1789278281.151,none,-1,,,,-0.8349850481411076,-13.134392567685868,0.0,0.0,8048.0,3.0,0.0,L
253.55,1789278281.201,none,-1,,,,-0.8389499514991186,-12.39622064176452,0.0,0.0,7969.0,3.0,0.0,L
253.60,1789278281.251,none,-1,,,,-0.8430117042666362,-11.66213691296813,0.0,0.0,7844.0,3.0,0.0,L
253.65,1789278281.301,none,-1,,,,-0.8475219386256349,-10.96373356293516,0.0,0.0,7836.0,3.0,0.0,L
253.70,1789278281.351,none,-1,,,,-0.8402975870812825,-10.241426377775868,0.0,0.0,7803.0,2.0,0.0,L
253.75,1789278281.401,none,-1,,,,-0.8465294604644031,-9.511985150295413,0.0,0.0,7655.0,2.0,0.0,L
253.80,1789278281.451,none,-1,,,,-0.8445429113516679,-8.761140290010857,0.0,0.0,7659.0,2.0,0.0,L
253.85,1789278281.501,none,-1,,,,-0.8343576477729189,-8.033840473832882,0.0,0.0,7812.0,3.0,0.0,L
253.90,1789278281.551,none,-1,,,,-0.8325581158568592,-7.322103114380352,0.0,0.0,7812.0,3.0,0.0,L
253.95,1789278281.602,none,-1,,,,-0.8286665329272898,-6.661232020823503,0.0,0.0,7968.0,2.0,0.0,L
254.00,1789278281.651,none,-1,,,,-0.8256419768988239,-5.951619838947428,0.0,0.0,7968.0,2.0,0.0,L
254.05,1789278281.701,none,-1,,,,-0.8152709594892491,-5.231270155423137,0.0,0.0,7969.0,2.0,0.0,L
254.10,1789278281.752,none,-1,,,,-0.8138014787470834,-4.483493493049939,0.0,0.0,7956.0,2.0,0.0,L
254.15,1789278281.801,none,-1,,,,-0.8106334747229752,-3.7423840977485807,0.0,0.0,7876.0,2.0,0.0,L
254.15,1789278281.801,path,0,0.000,0.000,,-0.8106334747229752,-3.7423840977485807,0.0,0.0,7876.0,2.0,0.0,L
254.15,1789278281.801,path,1,0.187,0.004,,-0.8106334747229752,-3.7423840977485807,0.0,0.0,7876.0,2.0,0.0,L
254.15,1789278281.801,path,2,0.403,0.023,,-0.8106334747229752,-3.7423840977485807,0.0,0.0,7876.0,2.0,0.0,L
254.15,1789278281.801,path,3,0.595,0.054,,-0.8106334747229752,-3.7423840977485807,0.0,0.0,7876.0,2.0,0.0,L
254.15,1789278281.801,path,4,0.766,0.092,,-0.8106334747229752,-3.7423840977485807,0.0,0.0,7876.0,2.0,0.0,L
254.15,1789278281.801,path,5,0.933,0.140,,-0.8106334747229752,-3.7423840977485807,0.0,0.0,7876.0,2.0,0.0,L
254.15,1789278281.801,path,6,1.137,0.211,,-0.8106334747229752,-3.7423840977485807,0.0,0.0,7876.0,2.0,0.0,L
254.15,1789278281.801,path,7,1.376,0.314,,-0.8106334747229752,-3.7423840977485807,0.0,0.0,7876.0,2.0,0.0,L
254.15,1789278281.801,path,8,1.640,0.457,,-0.8106334747229752,-3.7423840977485807,0.0,0.0,7876.0,2.0,0.0,L
254.15,1789278281.801,path,9,1.890,0.620,,-0.8106334747229752,-3.7423840977485807,0.0,0.0,7876.0,2.0,0.0,L
254.15,1789278281.801,path,10,2.124,0.796,,-0.8106334747229752,-3.7423840977485807,0.0,0.0,7876.0,2.0,0.0,L
254.15,1789278281.801,path,11,2.359,0.983,,-0.8106334747229752,-3.7423840977485807,0.0,0.0,7876.0,2.0,0.0,L
254.15,1789278281.801,path,12,2.571,1.149,,-0.8106334747229752,-3.7423840977485807,0.0,0.0,7876.0,2.0,0.0,L
254.15,1789278281.801,path,13,2.773,1.293,,-0.8106334747229752,-3.7423840977485807,0.0,0.0,7876.0,2.0,0.0,L
254.15,1789278281.801,path,14,2.957,1.405,,-0.8106334747229752,-3.7423840977485807,0.0,0.0,7876.0,2.0,0.0,L
254.15,1789278281.801,path,15,3.146,1.505,,-0.8106334747229752,-3.7423840977485807,0.0,0.0,7876.0,2.0,0.0,L
254.15,1789278281.801,path,16,3.328,1.587,,-0.8106334747229752,-3.7423840977485807,0.0,0.0,7876.0,2.0,0.0,L
254.15,1789278281.801,path,17,3.536,1.669,,-0.8106334747229752,-3.7423840977485807,0.0,0.0,7876.0,2.0,0.0,L
254.15,1789278281.801,path,18,3.767,1.753,,-0.8106334747229752,-3.7423840977485807,0.0,0.0,7876.0,2.0,0.0,L
254.15,1789278281.801,path,19,3.978,1.825,,-0.8106334747229752,-3.7423840977485807,0.0,0.0,7876.0,2.0,0.0,L
254.15,1789278281.801,path,20,4.203,1.906,,-0.8106334747229752,-3.7423840977485807,0.0,0.0,7876.0,2.0,0.0,L
254.20,1789278281.851,none,-1,,,,-0.8079584604443155,-2.9855548885261625,0.0,0.0,7844.0,2.0,0.0,L
254.25,1789278281.901,none,-1,,,,-0.7923329773487985,-2.226164806822233,0.0,0.0,7817.0,3.0,0.0,L
254.30,1789278281.951,none,-1,,,,-0.7891301138679592,-1.4514554843957952,0.0,0.0,7718.0,2.0,0.0,L
254.35,1789278282.001,none,-1,,,,-0.7820426918268263,-0.682733370275139,0.0,0.0,7629.0,2.0,0.0,L
254.40,1789278282.051,cone,0,3.033,-0.269,295,-0.7741523230452303,0.09341951476086933,0.075,1.0,7804.0,5.0,0.0,L
254.45,1789278282.101,none,-1,,,,-0.7475673768695075,0.8859702622898761,0.075,0.0,7723.0,4.0,0.0,L
254.50,1789278282.151,none,-1,,,,-0.7400943398074911,1.688173210919755,0.075,0.0,7845.0,3.0,0.0,L
254.55,1789278282.201,none,-1,,,,-0.7303073779287794,2.486153582991121,0.075,0.0,7861.0,3.0,0.0,L
254.60,1789278282.251,none,-1,,,,-0.72346447977833,3.308905022892125,0.075,0.0,7746.0,3.0,0.0,L
254.65,1789278282.301,none,-1,,,,-0.7134927434703037,4.134462027637297,0.075,0.0,7718.0,3.0,0.0,L
254.70,1789278282.351,none,-1,,,,-0.699359587832869,4.974881393471797,0.0,0.0,7642.0,4.0,0.0,L
254.75,1789278282.402,none,-1,,,,-0.6846699568450454,5.814052833016645,0.0,0.0,7721.0,4.0,0.0,L
254.80,1789278282.451,none,-1,,,,-0.6735077655668438,6.647737822671183,0.0,0.0,7929.0,4.0,0.0,L
254.85,1789278282.501,none,-1,,,,-0.6319038765233179,7.493575462166433,0.0,0.0,7991.0,4.0,0.0,L
254.90,1789278282.551,cone,0,2.308,-0.733,281,-0.6214960213246118,8.37329455699007,0.075,1.0,7977.0,6.0,0.0,L
254.95,1789278282.601,none,-1,,,,-0.6045143199274673,9.263032582179276,0.075,0.0,8130.0,5.0,0.0,L
255.00,1789278282.651,none,-1,,,,-0.585606813421241,10.146963200277423,0.075,0.0,8652.0,5.0,0.0,L
255.05,1789278282.701,cone,0,2.136,-0.820,304,-0.5383730534013204,11.033285265765228,0.15,1.0,8471.0,5.0,0.0,L
255.10,1789278282.751,none,-1,,,,-0.5249585690397275,11.924217510116728,0.15,0.0,8386.0,4.0,0.0,L
255.15,1789278282.801,none,-1,,,,-0.5075404910330495,12.801943532334263,0.15,0.0,8552.0,5.0,0.0,L
255.15,1789278282.801,path,0,0.000,0.000,,-0.5075404910330495,12.801943532334263,0.15,0.0,8552.0,5.0,0.0,L
255.15,1789278282.801,path,1,0.288,0.009,,-0.5075404910330495,12.801943532334263,0.15,0.0,8552.0,5.0,0.0,L
255.15,1789278282.801,path,2,0.581,0.048,,-0.5075404910330495,12.801943532334263,0.15,0.0,8552.0,5.0,0.0,L
255.15,1789278282.801,path,3,0.871,0.116,,-0.5075404910330495,12.801943532334263,0.15,0.0,8552.0,5.0,0.0,L
255.15,1789278282.801,path,4,1.153,0.208,,-0.5075404910330495,12.801943532334263,0.15,0.0,8552.0,5.0,0.0,L
255.15,1789278282.801,path,5,1.408,0.301,,-0.5075404910330495,12.801943532334263,0.15,0.0,8552.0,5.0,0.0,L
255.15,1789278282.801,path,6,1.658,0.392,,-0.5075404910330495,12.801943532334263,0.15,0.0,8552.0,5.0,0.0,L
255.15,1789278282.801,path,7,1.906,0.470,,-0.5075404910330495,12.801943532334263,0.15,0.0,8552.0,5.0,0.0,L
255.15,1789278282.801,path,8,2.164,0.540,,-0.5075404910330495,12.801943532334263,0.15,0.0,8552.0,5.0,0.0,L
255.15,1789278282.801,path,9,2.438,0.604,,-0.5075404910330495,12.801943532334263,0.15,0.0,8552.0,5.0,0.0,L
255.15,1789278282.801,path,10,2.716,0.655,,-0.5075404910330495,12.801943532334263,0.15,0.0,8552.0,5.0,0.0,L
255.15,1789278282.801,path,11,2.988,0.689,,-0.5075404910330495,12.801943532334263,0.15,0.0,8552.0,5.0,0.0,L
255.15,1789278282.801,path,12,3.218,0.712,,-0.5075404910330495,12.801943532334263,0.15,0.0,8552.0,5.0,0.0,L
255.15,1789278282.801,path,13,3.433,0.729,,-0.5075404910330495,12.801943532334263,0.15,0.0,8552.0,5.0,0.0,L
255.15,1789278282.801,path,14,3.688,0.741,,-0.5075404910330495,12.801943532334263,0.15,0.0,8552.0,5.0,0.0,L
255.15,1789278282.801,path,15,3.978,0.746,,-0.5075404910330495,12.801943532334263,0.15,0.0,8552.0,5.0,0.0,L
255.15,1789278282.801,path,16,4.240,0.742,,-0.5075404910330495,12.801943532334263,0.15,0.0,8552.0,5.0,0.0,L
255.15,1789278282.801,path,17,4.492,0.736,,-0.5075404910330495,12.801943532334263,0.15,0.0,8552.0,5.0,0.0,L
255.15,1789278282.801,path,18,4.733,0.734,,-0.5075404910330495,12.801943532334263,0.15,0.0,8552.0,5.0,0.0,L
255.15,1789278282.801,path,19,4.968,0.745,,-0.5075404910330495,12.801943532334263,0.15,0.0,8552.0,5.0,0.0,L
255.15,1789278282.801,path,20,5.219,0.767,,-0.5075404910330495,12.801943532334263,0.15,0.0,8552.0,5.0,0.0,L
255.20,1789278282.851,none,-1,,,,-0.4910257870594392,13.656746618332347,0.15,0.0,8356.0,4.0,0.0,L
255.25,1789278282.902,none,-1,,,,-0.43581086570597616,14.544422600232974,0.15,0.0,8051.0,4.0,0.0,L
255.30,1789278282.951,none,-1,,,,-0.419205993469045,15.440718540478318,0.15,0.0,7875.0,4.0,0.0,L
255.35,1789278283.002,none,-1,,,,-0.3844827088928965,16.31854808948222,0.075,0.0,7711.0,5.0,0.0,L
255.40,1789278283.052,cone,0,1.487,-1.264,237,-0.3492406048880769,17.158338374655596,0.12181210129995423,1.0,7417.0,6.0,0.0,L
255.45,1789278283.101,none,-1,,,,-0.3110391943918111,18.017895399004196,0.12181210129995423,0.0,6982.0,4.0,0.0,L
255.50,1789278283.152,none,-1,,,,-0.28777560396969837,18.86659542938185,0.12181210129995423,0.0,7363.0,4.0,0.0,L
255.55,1789278283.201,none,-1,,,,-0.2638665474861307,19.71280944217237,0.12181210129995423,0.0,7379.0,5.0,0.0,L
255.60,1789278283.251,none,-1,,,,-0.23944631470650185,20.57792762607803,0.12181210129995423,0.0,7319.0,7.0,0.0,L
255.65,1789278283.302,none,-1,,,,-0.1777120474095308,21.41882906433946,0.12181210129995423,0.0,7341.0,5.0,0.0,L
255.70,1789278283.352,none,-1,,,,-0.16135907060567006,22.22518083290454,0.04681210129995424,0.0,7417.0,5.0,0.0,L
255.75,1789278283.401,none,-1,,,,-0.1283613499859148,23.013507927030975,0.0,0.0,7274.0,6.0,0.0,L
255.80,1789278283.451,none,-1,,,,-0.09486347577798718,23.74186049388521,0.0,0.0,6950.0,5.0,0.0,L
255.85,1789278283.501,cone,0,0.916,-1.384,261,-0.017969323040941627,24.497281331254428,0.075,1.0,6868.0,5.0,0.0,L
255.90,1789278283.551,none,-1,,,,0.0031068780361054016,25.218131717218338,0.075,0.0,6811.0,6.0,0.0,L
255.95,1789278283.601,none,-1,,,,0.032910455270888074,25.902522905676573,0.075,0.0,6811.0,6.0,0.0,L
256.00,1789278283.651,none,-1,,,,0.06308511988352525,26.566890456304478,0.075,0.0,6966.0,5.0,0.0,L
256.05,1789278283.701,none,-1,,,,0.12142034897785492,27.17900205278063,0.075,0.0,6720.0,6.0,0.0,L
256.10,1789278283.751,none,-1,,,,0.1492177753252261,27.76473842422794,0.075,0.0,6535.0,6.0,0.0,L
256.15,1789278283.801,none,-1,,,,0.18238019638798836,28.26315916643392,0.0,0.0,6535.0,6.0,0.0,L
256.15,1789278283.801,path,0,0.000,0.000,,0.18238019638798836,28.26315916643392,0.0,0.0,6535.0,6.0,0.0,L
256.15,1789278283.801,path,1,0.270,0.001,,0.18238019638798836,28.26315916643392,0.0,0.0,6535.0,6.0,0.0,L
256.15,1789278283.801,path,2,0.556,-0.001,,0.18238019638798836,28.26315916643392,0.0,0.0,6535.0,6.0,0.0,L
256.15,1789278283.801,path,3,0.851,-0.019,,0.18238019638798836,28.26315916643392,0.0,0.0,6535.0,6.0,0.0,L
256.15,1789278283.801,path,4,1.129,-0.061,,0.18238019638798836,28.26315916643392,0.0,0.0,6535.0,6.0,0.0,L
256.15,1789278283.801,path,5,1.367,-0.119,,0.18238019638798836,28.26315916643392,0.0,0.0,6535.0,6.0,0.0,L
256.15,1789278283.801,path,6,1.598,-0.196,,0.18238019638798836,28.26315916643392,0.0,0.0,6535.0,6.0,0.0,L
256.15,1789278283.801,path,7,1.850,-0.304,,0.18238019638798836,28.26315916643392,0.0,0.0,6535.0,6.0,0.0,L
256.15,1789278283.801,path,8,2.087,-0.429,,0.18238019638798836,28.26315916643392,0.0,0.0,6535.0,6.0,0.0,L
256.15,1789278283.801,path,9,2.285,-0.548,,0.18238019638798836,28.26315916643392,0.0,0.0,6535.0,6.0,0.0,L
256.15,1789278283.801,path,10,2.460,-0.663,,0.18238019638798836,28.26315916643392,0.0,0.0,6535.0,6.0,0.0,L
256.15,1789278283.801,path,11,2.637,-0.791,,0.18238019638798836,28.26315916643392,0.0,0.0,6535.0,6.0,0.0,L
256.15,1789278283.801,path,12,2.814,-0.931,,0.18238019638798836,28.26315916643392,0.0,0.0,6535.0,6.0,0.0,L
256.15,1789278283.801,path,13,2.963,-1.056,,0.18238019638798836,28.26315916643392,0.0,0.0,6535.0,6.0,0.0,L
256.15,1789278283.801,path,14,3.107,-1.178,,0.18238019638798836,28.26315916643392,0.0,0.0,6535.0,6.0,0.0,L
256.15,1789278283.801,path,15,3.233,-1.285,,0.18238019638798836,28.26315916643392,0.0,0.0,6535.0,6.0,0.0,L
256.15,1789278283.801,path,16,3.369,-1.401,,0.18238019638798836,28.26315916643392,0.0,0.0,6535.0,6.0,0.0,L
256.15,1789278283.801,path,17,3.495,-1.510,,0.18238019638798836,28.26315916643392,0.0,0.0,6535.0,6.0,0.0,L
256.15,1789278283.801,path,18,3.632,-1.628,,0.18238019638798836,28.26315916643392,0.0,0.0,6535.0,6.0,0.0,L
256.15,1789278283.801,path,19,3.795,-1.771,,0.18238019638798836,28.26315916643392,0.0,0.0,6535.0,6.0,0.0,L
256.15,1789278283.801,path,20,3.967,-1.933,,0.18238019638798836,28.26315916643392,0.0,0.0,6535.0,6.0,0.0,L
256.20,1789278283.851,none,-1,,,,0.2157589748345216,28.687836246709942,0.0,0.0,6169.0,6.0,0.0,L
256.25,1789278283.901,none,-1,,,,0.25080841835640927,29.085384278488796,0.0,0.0,5859.0,5.0,0.0,L
256.30,1789278283.951,none,-1,,,,0.2661024236016886,29.459842379954114,0.0,0.0,5598.0,5.0,0.0,L
256.35,1789278284.001,none,-1,,,,0.28884871519173777,29.833323041153008,0.0,0.0,5641.0,5.0,0.0,L
256.40,1789278284.052,none,-1,,,,0.31170051386078235,30.19617385512639,0.0,0.0,5803.0,6.0,0.0,L
256.45,1789278284.102,none,-1,,,,0.3544992721054085,30.521107077597836,0.0,0.0,5803.0,6.0,0.0,L
256.50,1789278284.151,none,-1,,,,0.3672088479570619,30.838206421912254,0.0,0.0,6176.0,6.0,0.0,L
256.55,1789278284.201,none,-1,,,,0.38918879790274896,31.137321623784647,0.0,0.0,6005.0,6.0,0.0,L
256.60,1789278284.251,none,-1,,,,0.41142333932814285,31.469551221264048,0.0,0.0,5669.0,5.0,0.0,L
256.65,1789278284.301,none,-1,,,,0.43381014447433447,31.762983147143704,0.0,0.0,5717.0,5.0,0.0,L
256.70,1789278284.351,none,-1,,,,0.4342985604007259,32.00955124431319,0.0,0.0,6052.0,6.0,0.0,L
256.75,1789278284.401,none,-1,,,,0.46263860908179555,32.23165364221615,0.0,0.0,6032.0,6.0,0.0,L
256.80,1789278284.451,none,-1,,,,0.4853271826643824,32.4233778563266,0.0,0.0,5702.0,5.0,0.0,L
256.85,1789278284.501,none,-1,,,,0.5171900215941487,32.59560668309769,0.0,0.0,5681.0,5.0,0.0,L
256.90,1789278284.551,none,-1,,,,0.5315255304953505,32.73830200153425,0.0,0.0,5753.0,6.0,0.0,L
256.95,1789278284.601,none,-1,,,,0.5558101970222388,32.83600169650222,0.0,0.0,5742.0,6.0,0.0,L
257.00,1789278284.651,none,-1,,,,0.5802404217802786,32.88295994673995,0.0,0.0,5742.0,6.0,0.0,L
257.05,1789278284.701,none,-1,,,,0.5999125972767082,32.91891476899018,0.0,0.0,5959.0,6.0,0.0,L
257.10,1789278284.751,none,-1,,,,0.6171981067752893,32.905911097804726,0.0,0.0,5959.0,6.0,0.0,L
257.15,1789278284.802,none,-1,,,,0.6417114930477195,32.80538319206986,0.0,0.0,6300.0,8.0,0.0,L
257.15,1789278284.802,path,0,0.000,0.000,,0.6417114930477195,32.80538319206986,0.0,0.0,6300.0,8.0,0.0,L
257.15,1789278284.802,path,1,0.303,-0.010,,0.6417114930477195,32.80538319206986,0.0,0.0,6300.0,8.0,0.0,L
257.15,1789278284.802,path,2,0.585,-0.049,,0.6417114930477195,32.80538319206986,0.0,0.0,6300.0,8.0,0.0,L
257.15,1789278284.802,path,3,0.824,-0.104,,0.6417114930477195,32.80538319206986,0.0,0.0,6300.0,8.0,0.0,L
257.15,1789278284.802,path,4,1.016,-0.164,,0.6417114930477195,32.80538319206986,0.0,0.0,6300.0,8.0,0.0,L
257.15,1789278284.802,path,5,1.191,-0.232,,0.6417114930477195,32.80538319206986,0.0,0.0,6300.0,8.0,0.0,L
257.15,1789278284.802,path,6,1.374,-0.317,,0.6417114930477195,32.80538319206986,0.0,0.0,6300.0,8.0,0.0,L
257.15,1789278284.802,path,7,1.535,-0.405,,0.6417114930477195,32.80538319206986,0.0,0.0,6300.0,8.0,0.0,L
257.15,1789278284.802,path,8,1.684,-0.496,,0.6417114930477195,32.80538319206986,0.0,0.0,6300.0,8.0,0.0,L
257.15,1789278284.802,path,9,1.816,-0.585,,0.6417114930477195,32.80538319206986,0.0,0.0,6300.0,8.0,0.0,L
257.15,1789278284.802,path,10,1.916,-0.658,,0.6417114930477195,32.80538319206986,0.0,0.0,6300.0,8.0,0.0,L
257.15,1789278284.802,path,11,2.019,-0.741,,0.6417114930477195,32.80538319206986,0.0,0.0,6300.0,8.0,0.0,L
257.15,1789278284.802,path,12,2.113,-0.823,,0.6417114930477195,32.80538319206986,0.0,0.0,6300.0,8.0,0.0,L
257.15,1789278284.802,path,13,2.204,-0.909,,0.6417114930477195,32.80538319206986,0.0,0.0,6300.0,8.0,0.0,L
257.15,1789278284.802,path,14,2.295,-1.001,,0.6417114930477195,32.80538319206986,0.0,0.0,6300.0,8.0,0.0,L
257.15,1789278284.802,path,15,2.383,-1.095,,0.6417114930477195,32.80538319206986,0.0,0.0,6300.0,8.0,0.0,L
257.15,1789278284.802,path,16,2.468,-1.189,,0.6417114930477195,32.80538319206986,0.0,0.0,6300.0,8.0,0.0,L
257.15,1789278284.802,path,17,2.572,-1.306,,0.6417114930477195,32.80538319206986,0.0,0.0,6300.0,8.0,0.0,L
257.15,1789278284.802,path,18,2.700,-1.445,,0.6417114930477195,32.80538319206986,0.0,0.0,6300.0,8.0,0.0,L
257.15,1789278284.802,path,19,2.847,-1.593,,0.6417114930477195,32.80538319206986,0.0,0.0,6300.0,8.0,0.0,L
257.15,1789278284.802,path,20,2.988,-1.723,,0.6417114930477195,32.80538319206986,0.0,0.0,6300.0,8.0,0.0,L
257.20,1789278284.851,none,-1,,,,0.6662311191185687,32.66547325393235,0.0,0.0,6300.0,8.0,0.0,L
257.25,1789278284.902,none,-1,,,,0.6752632877654964,32.524781254579445,0.0,0.0,6246.0,8.0,0.0,L
257.30,1789278284.951,none,-1,,,,0.6922959315323041,32.34260204592544,0.0,0.0,5913.0,7.0,0.0,L
257.35,1789278285.001,none,-1,,,,0.713796887996363,32.125859477799814,0.0,0.0,5860.0,7.0,0.0,L
257.40,1789278285.052,none,-1,,,,0.7352160620048347,31.881663768828904,0.0,0.0,5723.0,7.0,0.0,L
257.45,1789278285.101,none,-1,,,,0.753027602281308,31.651668145288546,0.0,0.0,5720.0,7.0,0.0,L
257.50,1789278285.151,none,-1,,,,0.7694836619416617,31.43641144614499,0.0,0.0,5861.0,7.0,0.0,L
257.55,1789278285.201,none,-1,,,,0.7907024443323066,31.196013070376978,0.0,0.0,5772.0,5.0,0.0,L
257.60,1789278285.251,none,-1,,,,0.8111994055736493,30.969561892435987,0.0,0.0,5636.0,6.0,0.0,L
257.65,1789278285.301,none,-1,,,,0.8128080963235438,30.74055117651879,0.0,0.0,5524.0,6.0,0.0,L
257.70,1789278285.352,none,-1,,,,0.8215494186896034,30.529214154400414,0.0,0.0,5441.0,7.0,0.0,L
257.75,1789278285.401,none,-1,,,,0.8372721180875728,30.29976225772882,0.0,0.0,5441.0,7.0,0.0,L
257.80,1789278285.451,none,-1,,,,0.8529082630341489,30.073944048314647,0.0,0.0,5581.0,6.0,0.0,L
257.85,1789278285.502,none,-1,,,,0.8802435049388277,29.882361063777623,0.0,0.0,5162.0,5.0,0.0,L
257.90,1789278285.551,none,-1,,,,0.8943907836628716,29.747481492239533,0.0,0.0,5483.0,6.0,0.0,L
257.95,1789278285.602,none,-1,,,,0.911146255532544,29.61410740857957,0.0,0.0,5487.0,6.0,0.0,L
258.00,1789278285.651,none,-1,,,,0.9279742501124238,29.503346210620272,0.0,0.0,5194.0,5.0,0.0,L
258.05,1789278285.701,none,-1,,,,0.9409125511033788,29.42557258758254,0.0,0.0,5082.0,5.0,0.0,L
258.10,1789278285.751,none,-1,,,,0.9515580324099512,29.36339671740996,0.0,0.0,5070.0,5.0,0.0,L
258.15,1789278285.801,none,-1,,,,0.9593200838131591,29.33314767558855,0.0,0.0,4980.0,5.0,0.0,L
258.15,1789278285.801,path,0,0.000,0.000,,0.9593200838131591,29.33314767558855,0.0,0.0,4980.0,5.0,0.0,L
258.15,1789278285.801,path,1,0.304,-0.010,,0.9593200838131591,29.33314767558855,0.0,0.0,4980.0,5.0,0.0,L
258.15,1789278285.801,path,2,0.594,-0.050,,0.9593200838131591,29.33314767558855,0.0,0.0,4980.0,5.0,0.0,L
258.15,1789278285.801,path,3,0.841,-0.108,,0.9593200838131591,29.33314767558855,0.0,0.0,4980.0,5.0,0.0,L
258.15,1789278285.801,path,4,1.080,-0.185,,0.9593200838131591,29.33314767558855,0.0,0.0,4980.0,5.0,0.0,L
258.15,1789278285.801,path,5,1.296,-0.275,,0.9593200838131591,29.33314767558855,0.0,0.0,4980.0,5.0,0.0,L
258.15,1789278285.801,path,6,1.475,-0.364,,0.9593200838131591,29.33314767558855,0.0,0.0,4980.0,5.0,0.0,L
258.15,1789278285.801,path,7,1.634,-0.453,,0.9593200838131591,29.33314767558855,0.0,0.0,4980.0,5.0,0.0,L
258.15,1789278285.801,path,8,1.764,-0.535,,0.9593200838131591,29.33314767558855,0.0,0.0,4980.0,5.0,0.0,L
258.15,1789278285.801,path,9,1.895,-0.627,,0.9593200838131591,29.33314767558855,0.0,0.0,4980.0,5.0,0.0,L
258.15,1789278285.801,path,10,2.024,-0.729,,0.9593200838131591,29.33314767558855,0.0,0.0,4980.0,5.0,0.0,L
258.15,1789278285.801,path,11,2.135,-0.826,,0.9593200838131591,29.33314767558855,0.0,0.0,4980.0,5.0,0.0,L
258.15,1789278285.801,path,12,2.255,-0.943,,0.9593200838131591,29.33314767558855,0.0,0.0,4980.0,5.0,0.0,L
258.15,1789278285.801,path,13,2.377,-1.075,,0.9593200838131591,29.33314767558855,0.0,0.0,4980.0,5.0,0.0,L
258.15,1789278285.801,path,14,2.468,-1.184,,0.9593200838131591,29.33314767558855,0.0,0.0,4980.0,5.0,0.0,L
258.15,1789278285.801,path,15,2.549,-1.285,,0.9593200838131591,29.33314767558855,0.0,0.0,4980.0,5.0,0.0,L
258.15,1789278285.801,path,16,2.631,-1.388,,0.9593200838131591,29.33314767558855,0.0,0.0,4980.0,5.0,0.0,L
258.15,1789278285.801,path,17,2.736,-1.513,,0.9593200838131591,29.33314767558855,0.0,0.0,4980.0,5.0,0.0,L
258.15,1789278285.801,path,18,2.858,-1.644,,0.9593200838131591,29.33314767558855,0.0,0.0,4980.0,5.0,0.0,L
258.15,1789278285.801,path,19,2.969,-1.752,,0.9593200838131591,29.33314767558855,0.0,0.0,4980.0,5.0,0.0,L
258.15,1789278285.801,path,20,3.076,-1.849,,0.9593200838131591,29.33314767558855,0.0,0.0,4980.0,5.0,0.0,L
258.20,1789278285.851,none,-1,,,,0.9670794060890434,29.323570472208253,0.0,0.0,4986.0,5.0,0.0,L
258.25,1789278285.901,none,-1,,,,0.9699659190545314,29.325873576947632,0.0,0.0,4988.0,5.0,0.0,L
258.30,1789278285.951,none,-1,,,,0.9699659190545314,29.33484171325594,0.0,0.0,4985.0,5.0,0.0,L
258.35,1789278286.002,none,-1,,,,0.9699659190545314,29.333881251757198,0.0,0.0,5748.0,6.0,0.0,L
258.40,1789278286.051,none,-1,,,,0.9699659190545314,29.330273371837777,0.0,0.0,6252.0,6.0,0.0,L
258.45,1789278286.101,none,-1,,,,0.9726859689782225,29.324205135881332,0.0,0.0,6192.0,6.0,0.0,L
258.50,1789278286.152,none,-1,,,,0.9726859689782225,29.29353482948361,0.0,0.0,6253.0,6.0,0.0,L
258.55,1789278286.201,none,-1,,,,0.9726859689782225,29.265113885691047,0.0,0.0,6230.0,6.0,0.0,L
258.60,1789278286.251,none,-1,,,,0.9726859689782225,29.22923458586531,0.0,0.0,6310.0,6.0,0.0,L
258.65,1789278286.301,none,-1,,,,0.9796574634710109,29.162851016830878,0.0,0.0,6310.0,6.0,0.0,L
258.70,1789278286.351,none,-1,,,,0.9763667979580309,29.06024887888091,0.0,0.0,6370.0,6.0,0.0,L
258.75,1789278286.401,none,-1,,,,0.9763667979580309,28.98542884580439,0.0,0.0,6542.0,6.0,0.0,L
258.80,1789278286.451,none,-1,,,,0.9763667979580309,28.895329794246603,0.0,0.0,6565.0,5.0,0.0,L
258.85,1789278286.501,none,-1,,,,0.9884069156325695,28.757347369409555,0.0,0.0,6545.0,6.0,0.0,L
258.90,1789278286.551,none,-1,,,,0.9884069156325695,28.615359409514372,0.0,0.0,6919.0,6.0,0.0,L
258.95,1789278286.601,none,-1,,,,0.9953443558472039,28.484910331361164,0.0,0.0,6790.0,6.0,0.0,L
259.00,1789278286.651,none,-1,,,,1.0022577970494841,28.334011438736656,0.0,0.0,6738.0,6.0,0.0,L
259.05,1789278286.701,none,-1,,,,1.0050543734534243,28.146978511499718,0.0,0.0,7089.0,5.0,0.0,L
259.10,1789278286.751,none,-1,,,,1.009391474370364,27.922935878043894,0.0,0.0,7026.0,6.0,0.0,L
259.15,1789278286.802,none,-1,,,,1.0162662042956576,27.724162210602362,0.0,0.0,7011.0,6.0,0.0,L
259.15,1789278286.802,path,0,0.000,0.000,,1.0162662042956576,27.724162210602362,0.0,0.0,7011.0,6.0,0.0,L
259.15,1789278286.802,path,1,0.305,-0.010,,1.0162662042956576,27.724162210602362,0.0,0.0,7011.0,6.0,0.0,L
259.15,1789278286.802,path,2,0.605,-0.052,,1.0162662042956576,27.724162210602362,0.0,0.0,7011.0,6.0,0.0,L
259.15,1789278286.802,path,3,0.869,-0.115,,1.0162662042956576,27.724162210602362,0.0,0.0,7011.0,6.0,0.0,L
259.15,1789278286.802,path,4,1.089,-0.188,,1.0162662042956576,27.724162210602362,0.0,0.0,7011.0,6.0,0.0,L
259.15,1789278286.802,path,5,1.272,-0.264,,1.0162662042956576,27.724162210602362,0.0,0.0,7011.0,6.0,0.0,L
259.15,1789278286.802,path,6,1.436,-0.345,,1.0162662042956576,27.724162210602362,0.0,0.0,7011.0,6.0,0.0,L
259.15,1789278286.802,path,7,1.587,-0.431,,1.0162662042956576,27.724162210602362,0.0,0.0,7011.0,6.0,0.0,L
259.15,1789278286.802,path,8,1.728,-0.523,,1.0162662042956576,27.724162210602362,0.0,0.0,7011.0,6.0,0.0,L
259.15,1789278286.802,path,9,1.844,-0.607,,1.0162662042956576,27.724162210602362,0.0,0.0,7011.0,6.0,0.0,L
259.15,1789278286.802,path,10,1.954,-0.694,,1.0162662042956576,27.724162210602362,0.0,0.0,7011.0,6.0,0.0,L
259.15,1789278286.802,path,11,2.066,-0.793,,1.0162662042956576,27.724162210602362,0.0,0.0,7011.0,6.0,0.0,L
259.15,1789278286.802,path,12,2.157,-0.881,,1.0162662042956576,27.724162210602362,0.0,0.0,7011.0,6.0,0.0,L
259.15,1789278286.802,path,13,2.255,-0.981,,1.0162662042956576,27.724162210602362,0.0,0.0,7011.0,6.0,0.0,L
259.15,1789278286.802,path,14,2.349,-1.080,,1.0162662042956576,27.724162210602362,0.0,0.0,7011.0,6.0,0.0,L
259.15,1789278286.802,path,15,2.442,-1.181,,1.0162662042956576,27.724162210602362,0.0,0.0,7011.0,6.0,0.0,L
259.15,1789278286.802,path,16,2.543,-1.290,,1.0162662042956576,27.724162210602362,0.0,0.0,7011.0,6.0,0.0,L
259.15,1789278286.802,path,17,2.631,-1.381,,1.0162662042956576,27.724162210602362,0.0,0.0,7011.0,6.0,0.0,L
259.15,1789278286.802,path,18,2.737,-1.490,,1.0162662042956576,27.724162210602362,0.0,0.0,7011.0,6.0,0.0,L
259.15,1789278286.802,path,19,2.869,-1.620,,1.0162662042956576,27.724162210602362,0.0,0.0,7011.0,6.0,0.0,L
259.15,1789278286.802,path,20,3.008,-1.748,,1.0162662042956576,27.724162210602362,0.0,0.0,7011.0,6.0,0.0,L
259.20,1789278286.851,none,-1,,,,1.0231030408188195,27.473671050513428,0.0,0.0,6950.0,6.0,0.0,L
259.25,1789278286.901,none,-1,,,,1.0265788465638972,27.211227787089353,0.0,0.0,6962.0,5.0,0.0,L
259.30,1789278286.951,none,-1,,,,1.0371530011549424,26.999324929412957,0.0,0.0,6944.0,5.0,0.0,L
259.35,1789278287.002,none,-1,,,,1.0463447273518582,26.735503582645705,0.0,0.0,6895.0,5.0,0.0,L
259.40,1789278287.052,none,-1,,,,1.0554527862396792,26.484505839307044,0.0,0.0,6525.0,6.0,0.0,L
259.45,1789278287.101,none,-1,,,,1.0459716329249178,26.20137910225731,0.0,0.0,6489.0,5.0,0.0,L
259.50,1789278287.151,none,-1,,,,1.0526615897654692,25.937872641140967,0.0,0.0,6325.0,5.0,0.0,L
259.55,1789278287.201,none,-1,,,,1.0615419065596055,25.660362086642955,0.0,0.0,6248.0,6.0,0.0,L
259.60,1789278287.251,none,-1,,,,1.0709680986119476,25.39631618469609,0.0,0.0,6204.0,6.0,0.0,L
259.65,1789278287.302,none,-1,,,,1.064467908133411,25.143933073117257,0.0,0.0,6281.0,6.0,0.0,L
259.70,1789278287.352,none,-1,,,,1.071487203702973,24.840901575940144,0.0,0.0,6522.0,6.0,0.0,L
259.75,1789278287.401,none,-1,,,,1.0826540606533686,24.549903225583865,0.0,0.0,6489.0,6.0,0.0,L
259.80,1789278287.452,none,-1,,,,1.093703542213289,24.252618695753856,0.0,0.0,6489.0,6.0,0.0,L
259.85,1789278287.501,none,-1,,,,1.090581073410519,23.97458469483089,0.0,0.0,6765.0,4.0,0.0,L
259.90,1789278287.551,none,-1,,,,1.0951688140258942,23.680133270205797,0.0,0.0,6816.0,7.0,0.0,L
259.95,1789278287.601,none,-1,,,,1.1034918503717188,23.376969435721687,0.0,0.0,6841.0,6.0,0.0,L
260.00,1789278287.652,none,-1,,,,1.111814387648813,23.06421596954145,0.0,0.0,6843.0,6.0,0.0,L
260.05,1789278287.702,none,-1,,,,1.116790243067982,22.766802915961744,0.0,0.0,6715.0,6.0,0.0,L
260.10,1789278287.751,none,-1,,,,1.1238258951179385,22.453289448916752,0.0,0.0,6684.0,5.0,0.0,L
260.15,1789278287.801,none,-1,,,,1.135408657826415,22.13730995916867,0.0,0.0,6759.0,6.0,0.0,L
260.15,1789278287.801,path,0,0.000,0.000,,1.135408657826415,22.13730995916867,0.0,0.0,6759.0,6.0,0.0,L
260.15,1789278287.801,path,1,0.293,-0.010,,1.135408657826415,22.13730995916867,0.0,0.0,6759.0,6.0,0.0,L
260.15,1789278287.801,path,2,0.556,-0.044,,1.135408657826415,22.13730995916867,0.0,0.0,6759.0,6.0,0.0,L
260.15,1789278287.801,path,3,0.798,-0.097,,1.135408657826415,22.13730995916867,0.0,0.0,6759.0,6.0,0.0,L
260.15,1789278287.801,path,4,1.016,-0.164,,1.135408657826415,22.13730995916867,0.0,0.0,6759.0,6.0,0.0,L
260.15,1789278287.801,path,5,1.209,-0.239,,1.135408657826415,22.13730995916867,0.0,0.0,6759.0,6.0,0.0,L
260.15,1789278287.801,path,6,1.365,-0.313,,1.135408657826415,22.13730995916867,0.0,0.0,6759.0,6.0,0.0,L
260.15,1789278287.801,path,7,1.488,-0.378,,1.135408657826415,22.13730995916867,0.0,0.0,6759.0,6.0,0.0,L
260.15,1789278287.801,path,8,1.601,-0.446,,1.135408657826415,22.13730995916867,0.0,0.0,6759.0,6.0,0.0,L
260.15,1789278287.801,path,9,1.730,-0.530,,1.135408657826415,22.13730995916867,0.0,0.0,6759.0,6.0,0.0,L
260.15,1789278287.801,path,10,1.863,-0.627,,1.135408657826415,22.13730995916867,0.0,0.0,6759.0,6.0,0.0,L
260.15,1789278287.801,path,11,1.974,-0.717,,1.135408657826415,22.13730995916867,0.0,0.0,6759.0,6.0,0.0,L
260.15,1789278287.801,path,12,2.072,-0.804,,1.135408657826415,22.13730995916867,0.0,0.0,6759.0,6.0,0.0,L
260.15,1789278287.801,path,13,2.167,-0.895,,1.135408657826415,22.13730995916867,0.0,0.0,6759.0,6.0,0.0,L
260.15,1789278287.801,path,14,2.282,-1.011,,1.135408657826415,22.13730995916867,0.0,0.0,6759.0,6.0,0.0,L
260.15,1789278287.801,path,15,2.393,-1.131,,1.135408657826415,22.13730995916867,0.0,0.0,6759.0,6.0,0.0,L
260.15,1789278287.801,path,16,2.494,-1.242,,1.135408657826415,22.13730995916867,0.0,0.0,6759.0,6.0,0.0,L
260.15,1789278287.801,path,17,2.611,-1.369,,1.135408657826415,22.13730995916867,0.0,0.0,6759.0,6.0,0.0,L
260.15,1789278287.801,path,18,2.730,-1.491,,1.135408657826415,22.13730995916867,0.0,0.0,6759.0,6.0,0.0,L
260.15,1789278287.801,path,19,2.861,-1.618,,1.135408657826415,22.13730995916867,0.0,0.0,6759.0,6.0,0.0,L
260.15,1789278287.801,path,20,3.013,-1.757,,1.135408657826415,22.13730995916867,0.0,0.0,6759.0,6.0,0.0,L
260.20,1789278287.852,none,-1,,,,1.146856451403719,21.803239212576237,0.0,0.0,6577.0,4.0,0.0,L
260.25,1789278287.902,none,-1,,,,1.1519628442600203,21.456709205824843,0.0,0.0,6784.0,5.0,0.0,L
260.30,1789278287.952,none,-1,,,,1.1598056465407103,21.093016026901665,0.0,0.0,6732.0,6.0,0.0,L
260.35,1789278288.002,none,-1,,,,1.1696711544670542,20.71360341342708,0.0,0.0,6385.0,4.0,0.0,L
260.40,1789278288.051,none,-1,,,,1.1799427271906398,20.340800399364454,0.0,0.0,6290.0,5.0,0.0,L
260.45,1789278288.101,none,-1,,,,1.1878074605787308,19.970320556581697,0.0,0.0,6319.0,5.0,0.0,L
260.50,1789278288.152,none,-1,,,,1.196868213657635,19.60083151430435,0.0,0.0,6105.0,6.0,0.0,L
260.55,1789278288.201,none,-1,,,,1.207717342902253,19.21935998957062,0.0,0.0,6010.0,4.0,0.0,L
260.60,1789278288.251,none,-1,,,,1.218415323524625,18.816849915087904,0.0,0.0,5788.0,6.0,0.0,L
260.65,1789278288.301,none,-1,,,,1.2287325970687268,18.413709251520718,0.0,0.0,5677.0,6.0,0.0,L
260.70,1789278288.351,none,-1,,,,1.225302597262839,18.022045007836955,0.0,0.0,5664.0,6.0,0.0,L
260.75,1789278288.401,none,-1,,,,1.2378617954095095,17.60809323531605,0.0,0.0,5654.0,5.0,0.0,L
260.80,1789278288.451,none,-1,,,,1.2464079074110739,17.205070737195015,0.0,0.0,5649.0,5.0,0.0,L
260.85,1789278288.501,none,-1,,,,1.2530123600859824,16.78693467596396,0.0,0.0,5673.0,5.0,0.0,L
260.90,1789278288.551,none,-1,,,,1.2600650564141889,16.382002712722993,0.0,0.0,5321.0,6.0,0.0,L
260.95,1789278288.602,none,-1,,,,1.2700872015988502,15.957611796355188,0.0,0.0,5321.0,6.0,0.0,L
261.00,1789278288.652,none,-1,,,,1.2799629537119823,15.530538921882085,0.0,0.0,5314.0,6.0,0.0,L
261.05,1789278288.701,none,-1,,,,1.2879701416337115,15.119826375661063,0.0,0.0,5071.0,6.0,0.0,L
261.10,1789278288.752,none,-1,,,,1.293663506698387,14.69548489131888,0.0,0.0,5094.0,6.0,0.0,L
261.15,1789278288.801,none,-1,,,,1.3017002976764538,14.259383806377308,0.0,0.0,4951.0,6.0,0.0,L
261.15,1789278288.801,path,0,0.000,0.000,,1.3017002976764538,14.259383806377308,0.0,0.0,4951.0,6.0,0.0,L
261.15,1789278288.801,path,1,0.263,-0.007,,1.3017002976764538,14.259383806377308,0.0,0.0,4951.0,6.0,0.0,L
261.15,1789278288.801,path,2,0.527,-0.038,,1.3017002976764538,14.259383806377308,0.0,0.0,4951.0,6.0,0.0,L
261.15,1789278288.801,path,3,0.777,-0.088,,1.3017002976764538,14.259383806377308,0.0,0.0,4951.0,6.0,0.0,L
261.15,1789278288.801,path,4,1.017,-0.156,,1.3017002976764538,14.259383806377308,0.0,0.0,4951.0,6.0,0.0,L
261.15,1789278288.801,path,5,1.248,-0.242,,1.3017002976764538,14.259383806377308,0.0,0.0,4951.0,6.0,0.0,L
261.15,1789278288.801,path,6,1.443,-0.330,,1.3017002976764538,14.259383806377308,0.0,0.0,4951.0,6.0,0.0,L
261.15,1789278288.801,path,7,1.608,-0.418,,1.3017002976764538,14.259383806377308,0.0,0.0,4951.0,6.0,0.0,L
261.15,1789278288.801,path,8,1.742,-0.498,,1.3017002976764538,14.259383806377308,0.0,0.0,4951.0,6.0,0.0,L
261.15,1789278288.801,path,9,1.873,-0.585,,1.3017002976764538,14.259383806377308,0.0,0.0,4951.0,6.0,0.0,L
261.15,1789278288.801,path,10,1.997,-0.676,,1.3017002976764538,14.259383806377308,0.0,0.0,4951.0,6.0,0.0,L
261.15,1789278288.801,path,11,2.129,-0.781,,1.3017002976764538,14.259383806377308,0.0,0.0,4951.0,6.0,0.0,L
261.15,1789278288.801,path,12,2.261,-0.890,,1.3017002976764538,14.259383806377308,0.0,0.0,4951.0,6.0,0.0,L
261.15,1789278288.801,path,13,2.383,-0.995,,1.3017002976764538,14.259383806377308,0.0,0.0,4951.0,6.0,0.0,L
261.15,1789278288.801,path,14,2.492,-1.089,,1.3017002976764538,14.259383806377308,0.0,0.0,4951.0,6.0,0.0,L
261.15,1789278288.801,path,15,2.600,-1.184,,1.3017002976764538,14.259383806377308,0.0,0.0,4951.0,6.0,0.0,L
261.15,1789278288.801,path,16,2.708,-1.283,,1.3017002976764538,14.259383806377308,0.0,0.0,4951.0,6.0,0.0,L
261.15,1789278288.801,path,17,2.816,-1.383,,1.3017002976764538,14.259383806377308,0.0,0.0,4951.0,6.0,0.0,L
261.15,1789278288.801,path,18,2.923,-1.482,,1.3017002976764538,14.259383806377308,0.0,0.0,4951.0,6.0,0.0,L
261.15,1789278288.801,path,19,3.036,-1.585,,1.3017002976764538,14.259383806377308,0.0,0.0,4951.0,6.0,0.0,L
261.15,1789278288.801,path,20,3.143,-1.681,,1.3017002976764538,14.259383806377308,0.0,0.0,4951.0,6.0,0.0,L
261.20,1789278288.851,none,-1,,,,1.3092891480830386,13.829946745799178,0.0,0.0,4680.0,6.0,0.0,L
261.25,1789278288.901,none,-1,,,,1.3121700986845517,13.407405892047347,0.0,0.0,4455.0,6.0,0.0,L
261.30,1789278288.951,none,-1,,,,1.3183456912381315,12.987149518035368,0.0,0.0,4096.0,6.0,0.0,L
261.35,1789278289.002,none,-1,,,,1.3244934288994596,12.555503283305757,0.0,0.0,4096.0,6.0,0.0,L
261.40,1789278289.051,none,-1,,,,1.329689445189869,12.124732748293114,0.0,0.0,3964.0,6.0,0.0,L
261.45,1789278289.102,none,-1,,,,1.3264323233574857,11.70800528239955,0.0,0.0,3896.0,6.0,0.0,L
261.50,1789278289.151,none,-1,,,,1.3290325079983927,11.292616231807983,0.0,0.0,3921.0,6.0,0.0,L
261.55,1789278289.201,none,-1,,,,1.3323755869225493,10.896429017017761,0.0,0.0,3833.0,6.0,0.0,L
261.60,1789278289.252,none,-1,,,,1.336964063919844,10.515409099368972,0.0,0.0,3751.0,6.0,0.0,L
261.65,1789278289.301,none,-1,,,,1.3394558818012894,10.137794621439124,0.0,0.0,3311.0,5.0,0.0,L
261.70,1789278289.351,none,-1,,,,1.3435698153734303,9.785122855548014,0.0,0.0,3308.0,5.0,0.0,L
261.75,1789278289.402,none,-1,,,,1.3505178457546065,9.46648196623147,0.0,0.0,3308.0,5.0,0.0,L
261.80,1789278289.452,none,-1,,,,1.3549970783135092,9.189030029455214,0.0,0.0,3308.0,5.0,0.0,L
261.85,1789278289.501,none,-1,,,,1.3598222379198357,8.950855468474535,0.0,0.0,3308.0,5.0,0.0,L
261.90,1789278289.552,none,-1,,,,1.3637466755380985,8.736068650706594,0.0,0.0,3354.0,5.0,0.0,L
261.95,1789278289.602,none,-1,,,,1.3689437481553137,8.560626229122995,0.0,0.0,3354.0,5.0,0.0,L
262.00,1789278289.651,none,-1,,,,1.3725925825349037,8.407764697501594,0.0,0.0,3245.0,5.0,0.0,L
262.05,1789278289.701,none,-1,,,,1.3729092017758073,8.25218310147056,0.0,0.0,3245.0,5.0,0.0,L
262.10,1789278289.752,none,-1,,,,1.3759347699470756,8.104738051063919,0.0,0.0,3237.0,5.0,0.0,L
262.15,1789278289.803,none,-1,,,,1.3799644492882168,7.93510169263342,0.0,0.0,3168.0,4.0,0.0,L
262.15,1789278289.803,path,0,0.000,0.000,,1.3799644492882168,7.93510169263342,0.0,0.0,3168.0,4.0,0.0,L
262.15,1789278289.803,path,1,0.229,-0.006,,1.3799644492882168,7.93510169263342,0.0,0.0,3168.0,4.0,0.0,L
262.15,1789278289.803,path,2,0.471,-0.031,,1.3799644492882168,7.93510169263342,0.0,0.0,3168.0,4.0,0.0,L
262.15,1789278289.803,path,3,0.723,-0.078,,1.3799644492882168,7.93510169263342,0.0,0.0,3168.0,4.0,0.0,L
262.15,1789278289.803,path,4,0.980,-0.151,,1.3799644492882168,7.93510169263342,0.0,0.0,3168.0,4.0,0.0,L
262.15,1789278289.803,path,5,1.198,-0.232,,1.3799644492882168,7.93510169263342,0.0,0.0,3168.0,4.0,0.0,L
262.15,1789278289.803,path,6,1.372,-0.311,,1.3799644492882168,7.93510169263342,0.0,0.0,3168.0,4.0,0.0,L
262.15,1789278289.803,path,7,1.509,-0.384,,1.3799644492882168,7.93510169263342,0.0,0.0,3168.0,4.0,0.0,L
262.15,1789278289.803,path,8,1.623,-0.450,,1.3799644492882168,7.93510169263342,0.0,0.0,3168.0,4.0,0.0,L
262.15,1789278289.803,path,9,1.748,-0.527,,1.3799644492882168,7.93510169263342,0.0,0.0,3168.0,4.0,0.0,L
262.15,1789278289.803,path,10,1.872,-0.607,,1.3799644492882168,7.93510169263342,0.0,0.0,3168.0,4.0,0.0,L
262.15,1789278289.803,path,11,1.982,-0.679,,1.3799644492882168,7.93510169263342,0.0,0.0,3168.0,4.0,0.0,L
262.15,1789278289.803,path,12,2.096,-0.754,,1.3799644492882168,7.93510169263342,0.0,0.0,3168.0,4.0,0.0,L
262.15,1789278289.803,path,13,2.217,-0.832,,1.3799644492882168,7.93510169263342,0.0,0.0,3168.0,4.0,0.0,L
262.15,1789278289.803,path,14,2.327,-0.902,,1.3799644492882168,7.93510169263342,0.0,0.0,3168.0,4.0,0.0,L
262.15,1789278289.803,path,15,2.435,-0.975,,1.3799644492882168,7.93510169263342,0.0,0.0,3168.0,4.0,0.0,L
262.15,1789278289.803,path,16,2.534,-1.045,,1.3799644492882168,7.93510169263342,0.0,0.0,3168.0,4.0,0.0,L
262.15,1789278289.803,path,17,2.638,-1.124,,1.3799644492882168,7.93510169263342,0.0,0.0,3168.0,4.0,0.0,L
262.15,1789278289.803,path,18,2.760,-1.223,,1.3799644492882168,7.93510169263342,0.0,0.0,3168.0,4.0,0.0,L
262.15,1789278289.803,path,19,2.859,-1.308,,1.3799644492882168,7.93510169263342,0.0,0.0,3168.0,4.0,0.0,L
262.15,1789278289.803,path,20,2.965,-1.402,,1.3799644492882168,7.93510169263342,0.0,0.0,3168.0,4.0,0.0,L
262.20,1789278289.851,none,-1,,,,1.382875204886595,7.758534905420898,0.0,0.0,2976.0,4.0,0.0,L
262.25,1789278289.902,none,-1,,,,1.3960979691686444,7.595261457196899,0.0,0.0,2952.0,4.0,0.0,L
262.30,1789278289.952,none,-1,,,,1.3995935938586017,7.428225423522585,0.0,0.0,2898.0,5.0,0.0,L
262.35,1789278290.001,none,-1,,,,1.403866947435146,7.240297165684596,0.0,0.0,2821.0,4.0,0.0,L
262.40,1789278290.052,none,-1,,,,1.407993832764275,7.072341048227908,0.0,0.0,2943.0,6.0,0.0,L
262.45,1789278290.101,none,-1,,,,1.420035537750755,6.911222845503289,0.0,0.0,2968.0,7.0,0.0,L
262.50,1789278290.152,none,-1,,,,1.4233145495865998,6.727711986759681,0.0,0.0,2791.0,5.0,0.0,L
262.55,1789278290.201,none,-1,,,,1.4294401745448635,6.546261920924416,0.0,0.0,2791.0,5.0,0.0,L
