t_wall,t_rel,cmd_pulse,cmd_steer_deg,drive_pulse_cmd,brake_level,brake_pot,ego_x_m,ego_y_m,ego_heading_deg,ego_pulse,ego_wp_idx,ego_wp_total,ego_fix_ok,cte_m,heading_err_deg,target_idx,target_dist_m,goal_dist_m,gps_course_deg,fuse_corr_deg,gyro_z_dps,brake_latched,head_init_deg,head_sigma_deg,head_resid_m,head_dist_m,ref_pulse,out_pulse,meas_pulse,cte_integral,cte_i_term_deg,goal_phase,cb_state,cb_v0_ms,cb_v_corner_ms,goal_need_m,lidar_zone,rejoin,encoder_sum,encoder_l,encoder_r,speed_kmh,steer_measured_deg,throttle_raw,control_state,vehicle_mode,estop,board_status,drive_state,lstatus,drive_cmd,drive_event,tl_state,tl_near_metric,tl_red_far,sl_px,sl_y,sl_wait,fix_lat,fix_lon,fix_alt_m,fix_status,fix_cov_xx,gps_lat,gps_lon,gps_quality,gps_sigma_m,gps_pos_ok,gps_is_raw,gps_raw_age_s,gps_dr_dist_m,gps_kmh,gps_fix_course_deg,gps_mode,gps_reject_n,gps_resid_m,imu_quat_x,imu_quat_y,imu_quat_z,imu_quat_w,imu_gyro_x,imu_gyro_y,imu_gyro_z,imu_acc_x,imu_acc_y,imu_acc_z
1788962424.231478,0.023,10.0,-15.17550666680904,0,0,189,,,,,,,,,,,,,,,,,,,,,,,,,,,,,,,,,0,0,0,0.0,-3,171,True,True,False,"A:1,B:1,ESTOP:0,MODE:1",DRIVE_RUN,,,"⏸️ D5 가 자율주행이 아니다 — 스위치를 올리면 시작한다 | ⏸️ D5 가 자율주행이 아니다 — 스위치를 올리면 시작한다 | 📏 경로 총길이 72.5m / 이 속도의 2단 정지거리 ≈ 20.4m — ★종점 뒤로 그만큼이 비어 있어야 한다★ | ▶ ★출발★ — WP 12/291 (경로에서 0.48m), 출발 방위 -9.2° (경로에서 빌림). 지금부터 ★10펄스 ≈ 31.8 km/h★",,,,,,,36.96761368333333,127.87250989666667,121.924,2,0.00012544000000000005,36.96761368333333,127.87250989666667,4.0,0.07146184558868408,1.0,0.0,0.12052369117736816,0.0,0.031036314567143432,nan,0.0,0.0,0.0,-0.39859842696495756,0.28195297121876456,0.752275254542929,0.44238417404371905,0.00614355896702004,0.009843656981248018,0.002129301687433082,-8.34545915,0.7060787999999999,5.0798447
1788962424.281476,0.073,10.0,-15.17550666680904,10,0,189,,,,,,,,,,,,,,,,,,,,,,,,,,,,,,,,,0,0,0,0.0,-3,171,True,True,False,"A:1,B:1,ESTOP:0,MODE:1",DRIVE_RUN,,,"🅑 주행 중 — WP 12/291, 0.0km/h, CTE -0.48m, LFD 2.3m",,,,,,,36.96761368666667,127.87250992666667,121.923,2,0.00012544000000000005,36.96761368666667,127.87250992666667,4.0,0.011200000000000002,1.0,1.0,0.0,0.0,0.04575006443538658,nan,0.0,0.0,0.0,-0.3986150792783841,0.28196959696305585,0.7522608855871685,0.4423830071058207,-0.008290313946973065,-0.0030543261909900766,0.005881759579220891,-8.208166049999999,0.7649187,4.9817782
1788962424.331458,0.123,10.0,-15.184598468156626,10,0,186,,,,,,,,,,,,,,,,,,,,,,,,,,,,,,,,,0,0,0,0.0,-2,171,True,True,False,"A:1,B:1,ESTOP:0,MODE:1",DRIVE_RUN,,,,,,,,,,36.96761368666667,127.87250992666667,121.923,2,0.00012544000000000005,36.96761368666667,127.87250992666667,4.0,0.030690718841552736,1.0,0.0,0.03898143768310547,0.0,0.04575006443538658,nan,0.0,0.0,0.0,-0.39857651374574216,0.281945996714315,0.7522885624905606,0.4423857325603387,-0.008796459430051421,-0.014643312424232424,-0.006265732014659643,-7.83551335,0.5491724,4.873905049999999
1788962424.381450,0.173,10.0,-15.184598468156626,10,0,188,,,,,,,,,,,,,,,,,,,,,,,,,,,,,,,,,0,0,0,0.0,-3,168,True,True,False,"A:1,B:1,ESTOP:0,MODE:1",DRIVE_RUN,,,,,,,,,,36.96761368666667,127.87250992666667,121.923,2,0.00012544000000000005,36.96761368666667,127.87250992666667,4.0,0.05570643062591553,1.0,0.0,0.08901286125183105,0.0,0.04575006443538658,nan,0.0,0.0,0.0,-0.3986835840939664,0.28201154123037864,0.7521923158133396,0.4424111327919096,-0.031415926535897934,-0.007452555906015787,-0.0007853981633974482,-7.8845466,0.35303939999999995,5.34462425
1788962424.431455,0.223,10.0,-15.184598468156626,10,0,188,,,,,,,,,,,,,,,,,,,,,,,,,,,,,,,,,0,0,0,0.0,-5,169,True,True,False,"A:1,B:1,ESTOP:0,MODE:1",DRIVE_RUN,,,,,,,,,,36.96761368666667,127.87250992666667,121.923,2,0.00012544000000000005,36.96761368666667,127.87250992666667,4.0,0.08068375701904297,1.0,0.0,0.13896751403808594,0.0,0.04575006443538658,nan,0.0,0.0,0.0,-0.39873419489390877,0.28202118006324756,0.7521364833984595,0.44245429838463357,-0.0044156830075456534,0.006370451769779303,0.0003839724354387525,-8.46313895,0.6962721499999999,6.3350959
1788962424.481456,0.273,10.0,-15.184598468156626,10,0,189,,,,,,,,,,,,,,,,,,,,,,,,,,,,,,,,,0,0,0,0.0,-7,170,True,True,False,"A:1,B:1,ESTOP:0,MODE:1",DRIVE_RUN,,,,,,,,,,36.96761367166667,127.87250996333333,121.923,2,0.00011664000000000001,36.96761367166667,127.87250996333333,4.0,0.0108,1.0,1.0,0.0,0.0,0.05596059161957573,nan,0.0,0.0,0.0,-0.3987974108633424,0.28201765401059165,0.7521726465754697,0.442338080724134,-0.012060225131280817,0.009128071987930343,0.006318091892219472,-8.16893945,0.77472535,4.1089863499999995
1788962424.531457,0.323,10.0,-15.259391098864716,10,0,189,,,,,,,,,,,,,,,,,,,,,,,,,,,,,,,,,0,0,0,0.0,-9,170,True,True,False,"A:1,B:1,ESTOP:0,MODE:1",DRIVE_RUN,,,,,,,,,,36.96761367166667,127.87250996333333,121.923,2,0.00011664000000000001,36.96761367166667,127.87250996333333,4.0,0.025806184577941895,1.0,0.0,0.03001236915588379,0.0,0.05596059161957573,nan,0.0,0.0,0.0,-0.39891178587880677,0.28194791141785475,0.7521949661390892,0.4422414445177035,-0.003298672286269283,-0.00895353906273091,0.008691739674931762,-8.3356525,0.5687857,4.81506515
1788962424.581457,0.373,10.0,-15.259391098864716,10,0,188,,,,,,,,,,,,,,,,,,,,,,,,,,,,,,,,,0,0,0,0.0,-11,172,True,True,False,"A:1,B:1,ESTOP:0,MODE:1",DRIVE_RUN,,,,,,,,,,36.96761367166667,127.87250996333333,121.923,2,0.00011664000000000001,36.96761367166667,127.87250996333333,4.0,0.05080484943389893,1.0,0.0,0.08000969886779785,0.0,0.05596059161957573,nan,0.0,0.0,0.0,-0.3989273741426668,0.28196493358937874,0.7521753343878083,0.44224992111267003,-0.0007155849933176752,0.0006806784082777885,0.007382742735936014,-8.1787461,0.7649187,5.38385085
1788962424.631463,0.423,10.0,-15.259391098864716,10,0,189,,,,,,,,,,,,,,,,,,,,,,,,,,,,,,,,,0,0,0,0.0,-12,171,True,True,False,"A:1,B:1,ESTOP:0,MODE:1",DRIVE_RUN,,,,,,,,,,36.96761367166667,127.87250996333333,121.923,2,0.00011664000000000001,36.96761367166667,127.87250996333333,4.0,0.07580279903411866,1.0,0.0,0.1300055980682373,0.0,0.05596059161957573,nan,0.0,0.0,0.0,-0.39893125748461755,0.28199321804317623,0.7521771813919311,0.4422252418990639,0.0037699111843077517,0.0003665191429188092,0.011938052083641215,-8.46313895,0.7060787999999999,5.12887795
1788962424.681455,0.473,10.0,-15.259391098864716,10,0,189,,,,,,,,,,,,,,,,,,,,,,,,,,,,,,,,,0,0,0,0.0,-13,173,True,True,False,"A:1,B:1,ESTOP:0,MODE:1",DRIVE_RUN,,,,,,,,,,36.967613676666666,127.872509895,121.91999999999999,2,0.00011664000000000001,36.967613676666666,127.872509895,4.0,0.0108,1.0,1.0,0.0,0.0,0.02666101785701747,nan,0.0,0.0,0.0,-0.39905935773891776,0.2819998423134647,0.7521902960163481,0.4420831104159286,-0.01621410875102732,0.004904375198104067,0.00614355896702004,-8.5121722,0.7943386499999999,5.20733115
1788962424.731480,0.523,10.0,-15.196529229718822,10,0,189,,,,,,,,,,,,,,,,,,,,,,,,,,,,,,,,,0,0,0,0.0,-14,178,True,True,False,"A:1,B:1,ESTOP:0,MODE:1",DRIVE_RUN,,,,,,,,,,36.967613676666666,127.872509895,121.91999999999999,2,0.00011664000000000001,36.967613676666666,127.872509895,4.0,0.0258374174118042,1.0,0.0,0.0300748348236084,0.0,0.02666101785701747,nan,0.0,0.0,0.0,-0.3992987937342192,0.2820091462586493,0.7521005272311373,0.4420137007916277,0.02457423586808016,0.002286381320112572,-0.006492624817418906,-8.757338449999999,0.4118793,4.0011132
1788962424.781480,0.573,10.0,-15.196529229718822,10,0,188,,,,,,,,,,,,,,,,,,,,,,,,,,,,,,,,,0,0,0,0.0,-14,172,True,True,False,"A:1,B:1,ESTOP:0,MODE:1",DRIVE_RUN,,,,,,,,,,36.967613676666666,127.872509895,121.91999999999999,2,0.00011664000000000001,36.967613676666666,127.872509895,4.0,0.05083977775573731,1.0,0.0,0.08007955551147461,0.0,0.02666101785701747,nan,0.0,0.0,0.0,-0.39945824239955285,0.2821549912768651,0.7520183159460986,0.4419164241779277,-0.011187560505283653,0.003543018381548489,0.004118977034706617,-8.6886919,0.9512450499999999,4.3737658999999995
1788962424.831481,0.623,10.0,-15.196529229718822,10,0,189,,,,,,,,,,,,,,,,,,,,,,,,,,,,,,,,,0,0,0,0.0,-15,175,True,True,False,"A:1,B:1,ESTOP:0,MODE:1",DRIVE_RUN,,,,,,,,,,36.967613676666666,127.872509895,121.91999999999999,2,0.00011664000000000001,36.967613676666666,127.872509895,4.0,0.07587647037506104,1.0,0.0,0.13015294075012207,0.0,0.02666101785701747,nan,0.0,0.0,0.0,-0.4001233065633129,0.28237061693168414,0.7518607424001414,0.4414448983462936,-0.02007128639793479,0.003438298626428829,0.02701769682087222,-8.8652116,0.6668522,4.1384063
1788962424.881458,0.673,10.0,-15.196529229718822,10,0,189,,,,,,,,,,,,,,,,,,,,,,,,,,,,,,,,,0,0,0,0.0,-15,291,True,True,False,"A:1,B:1,ESTOP:0,MODE:1",DRIVE_RUN,,,,,,,,,,36.967613676666666,127.872509925,121.92099999999999,2,0.00011664000000000001,36.967613676666666,127.872509925,4.0,0.0108,1.0,1.0,0.0,0.0,0.030778987666271226,nan,0.0,0.0,0.0,-0.4003436703320249,0.2823192754953169,0.7520263741350235,0.44099558378084924,0.04115486376202629,-0.016318828506146982,-0.004380776422505767,-9.316317499999998,-0.0588399,4.4227991499999995
1788962424.931456,0.723,10.0,-15.216709515985473,10,0,189,,,,,,,,,,,,,,,,,,,,,,,,,,,,,,,,,2,1,1,0.0,-15,172,True,True,False,"A:1,B:1,ESTOP:0,MODE:1",DRIVE_RUN,,,,,,,,,,36.967613676666666,127.872509925,121.92099999999999,2,0.00011664000000000001,36.967613676666666,127.872509925,4.0,0.023802395629882813,1.0,0.0,0.026004791259765625,0.0,0.030778987666271226,nan,0.0,0.0,0.0,-0.40079991289119393,0.2824511951482578,0.751962595523659,0.44060527359423934,-0.027000243528352275,0.0205599785884932,0.010262536001726658,-9.208444349999999,0.7453053999999999,3.9814999
1788962424.981454,0.773,10.0,-15.216709515985473,10,0,189,,,,,,,,,,,,,,,,,,,,,,,,,,,,,,,,,2,0,2,0.0,-15,172,True,True,False,"A:1,B:1,ESTOP:0,MODE:1",DRIVE_RUN,,,,,,,,,,36.967613676666666,127.872509925,121.92099999999999,2,0.00011664000000000001,36.967613676666666,127.872509925,4.0,0.04878186779022217,1.0,0.0,0.07596373558044434,0.0,0.030778987666271226,nan,0.0,0.0,0.0,-0.4010488893531634,0.28227713401992,0.7521921142583449,0.44009820631951607,-0.005585053606381855,-0.03551745027808461,0.018046704465621368,-10.2185293,0.2353596,6.34490255
1788962425.031478,0.823,10.0,-15.216709515985473,10,0,245,,,,,,,,,,,,,,,,,,,,,,,,,,,,,,,,,6,3,3,0.0,-15,173,True,True,False,"A:1,B:1,ESTOP:0,MODE:1",DRIVE_RUN,,,,,,,,,,36.967613676666666,127.872509925,121.92099999999999,2,0.00011664000000000001,36.967613676666666,127.872509925,4.0,0.07378959255218506,1.0,0.0,0.12597918510437012,0.0,0.030778987666271226,nan,0.0,0.0,0.0,-0.4013889105956402,0.2819818368888171,0.7525345088614246,0.4393916238258851,-0.03590142271352336,0.00799360797413403,0.019041542139258134,-10.52253545,-0.18632634999999997,-1.2160246
1788962425.081478,0.873,10.0,-15.216709515985473,10,0,189,,,,,,,,,,,,,,,,,,,,,,,,,,,,,,,,,17,8,9,0.0,-15,171,True,True,False,"A:1,B:1,ESTOP:0,MODE:1",DRIVE_RUN,,,,,,,,,,36.967613676666666,127.872509925,121.92099999999999,2,0.00011664000000000001,36.967613676666666,127.872509925,4.0,0.09878909187316895,1.0,0.0,0.1759781837463379,0.0,0.030778987666271226,nan,0.0,0.0,0.0,-0.4017778307946494,0.28140390486704675,0.7530100517891404,0.4385912435423675,-0.05808455750637129,-0.08140215631301552,0.003438298626428829,-9.738003449999999,0.12748644999999997,4.40318585
1788962425.131455,0.923,10.0,-15.706782936145496,10,0,189,,,,,,,,,,,,,,,,,,,,,,,,,,,,,,,,,34,20,14,0.0,-15,184,True,True,False,"A:1,B:1,ESTOP:0,MODE:1",DRIVE_RUN,,,,,,,,,,36.96761363666667,127.87251042,121.923,2,0.00011664000000000001,36.96761363666667,127.87251042,4.0,0.0108,1.0,1.0,0.0,0.0,0.4145123740732934,nan,0.0,0.0,0.0,-0.4018406284734326,0.2804780465977079,0.753830294116713,0.4377168746538346,-0.06290166624187564,-0.08620181175599993,0.03255039054969425,-7.61976705,-1.36312435,3.22638785
1788962425.181479,0.973,10.0,-15.706782936145496,10,0,189,,,,,,,,,,,,,,,,,,,,,,,,,,,,,,,,,48,20,28,0.0,-15,197,True,True,False,"A:1,B:1,ESTOP:0,MODE:1",DRIVE_RUN,,,,,,,,,,36.96761363666667,127.87251042,121.923,2,0.00011664000000000001,36.96761363666667,127.87251042,4.0,0.04713701801300049,1.0,0.0,0.07267403602600098,0.0,0.4145123740732934,nan,0.0,0.0,0.0,-0.4024969103496224,0.27996193958459936,0.7543450431262606,0.4365559591322481,-0.07946484084330183,0.08342673824532895,0.039496800972631675,-9.5124505,2.0103632499999997,3.26561445
1788962425.231478,1.023,10.0,-15.706782936145496,10,0,189,,,,,,,,,,,,,,,,,,,,,,,,,,,,,,,,,45,20,25,0.0,-15,434,True,True,False,"A:1,B:1,ESTOP:0,MODE:1",DRIVE_RUN,,,,,,,,,,36.96761363666667,127.87251042,121.923,2,0.00011664000000000001,36.96761363666667,127.87251042,4.0,0.07215058403015137,1.0,0.0,0.12270116806030273,0.0,0.4145123740732934,nan,0.0,0.0,0.0,-0.4026428818799264,0.27914380725035787,0.755241383672898,0.43539395601345826,-0.05726425275793395,0.07787659122398698,0.03920009499979264,-9.34573745,-2.28494945,10.787315
1788962425.281482,1.073,10.0,-15.706782936145496,10,0,217,,,,,,,,,,,,,,,,,,,,,,,,,,,,,,,,,25,10,15,0.0,-15,171,True,True,False,"A:1,B:1,ESTOP:0,MODE:1",DRIVE_RUN,,,,,,,,,,36.96761368333333,127.87251161666667,121.928,2,0.00012100000000000003,36.96761368333333,127.87251161666667,4.0,0.011000000000000001,1.0,1.0,0.0,0.0,1.3568719460323047,nan,0.0,0.0,0.0,-0.40307583663534186,0.2784412058030809,0.7560116917171136,0.43410446532911123,-0.08628907821859966,0.047630035286925256,0.07398450699203962,-7.521700549999999,2.12804305,1.7946169499999998
1788962425.331480,1.123,10.0,-13.522329193640491,10,0,189,,,,,,,,,,,,,,,,,,,,,,,,,,,,,,,,,42,15,27,0.0,-15,176,True,True,False,"A:1,B:1,ESTOP:0,MODE:1",DRIVE_RUN,,,"🅑 주행 중 — WP 12/291, 1.4km/h, CTE -0.46m, LFD 2.3m",,,,,,,36.96761368333333,127.87251161666667,121.928,2,0.00012100000000000003,36.96761368333333,127.87251161666667,4.0,0.024372778892517093,1.0,0.0,0.02674555778503418,0.0,1.3568719460323047,nan,0.0,0.0,0.0,-0.403842370677614,0.27772643441066647,0.7568772993129284,0.4323379708743961,-0.13575170922011895,0.03391174736624982,0.05174901232163187,-10.97364135,-1.1375714,3.65788045
1788962425.381453,1.173,10.0,-13.522329193640491,10,0,190,,,,,,,,,,,,,,,,,,,,,,,,,,,,,,,,,31,15,16,0.0,-15,202,True,True,False,"A:1,B:1,ESTOP:0,MODE:1",DRIVE_RUN,,,,,,,,,,36.96761368333333,127.87251161666667,121.928,2,0.00012100000000000003,36.96761368333333,127.87251161666667,4.0,0.04938455677032471,1.0,0.0,0.07676911354064941,0.0,1.3568719460323047,nan,0.0,0.0,0.0,-0.40415461162789734,0.27666386626102824,0.7579943937836507,0.4307675173431245,-0.059411007737886976,-0.06969099703213358,0.03377212102609028,-9.571290399999999,0.57859235,1.6082906
1788962425.431479,1.223,10.0,-13.522329193640491,10,0,189,,,,,,,,,,,,,,,,,,,,,,,,,,,,,,,,,39,18,21,0.0,-15,177,True,True,False,"A:1,B:1,ESTOP:0,MODE:1",DRIVE_RUN,,,,,,,,,,36.96761368333333,127.87251161666667,121.928,2,0.00012100000000000003,36.96761368333333,127.87251161666667,4.0,0.0743714199066162,1.0,0.0,0.12674283981323242,0.0,1.3568719460323047,nan,0.0,0.0,0.0,-0.4046579771859038,0.275587791970202,0.7590731786668016,0.4290818102011304,-0.15596262195821328,-0.021624629432209747,0.04384267081009756,-7.3353741999999995,1.63771055,6.71755525
1788962425.481456,1.273,10.0,-13.522329193640491,10,0,189,,,,,,,,,,,,,,,,,,,,,,,,,,,,,,,,,34,18,16,0.0,-15,183,True,True,False,"A:1,B:1,ESTOP:0,MODE:1",DRIVE_RUN,,,,,,,,,,36.96761362666667,127.87251328666666,121.929,2,0.00012100000000000003,36.96761362666667,127.87251328666666,4.0,0.011000000000000001,1.0,1.0,0.0,0.0,2.3371512532793153,nan,0.0,0.0,0.0,-0.40581688240129515,0.2747500512106738,0.759807506331468,0.42722081016750774,-0.04146902302738527,-0.019757127132575807,0.045238934211693026,-10.9246081,-0.1569064,2.20649625
1788962425.531450,1.323,10.0,-14.932422383411414,10,0,189,,,,,,,,,,,,,,,,,,,,,,,,,,,,,,,,,22,7,15,0.0,-15,316,True,True,False,"A:1,B:1,ESTOP:0,MODE:1",DRIVE_RUN,,,,,,,,,,36.96761362666667,127.87251328666666,121.929,2,0.00012100000000000003,36.96761362666667,127.87251328666666,4.0,0.025966487884521487,1.0,0.0,0.02993297576904297,0.0,2.3371512532793153,nan,0.0,0.0,0.0,-0.4064539616963766,0.2734971411752818,0.76097084515067,0.4253444058888556,-0.1032362252554646,-0.01916371518689774,0.03572688978832393,-9.03192465,-0.7158854499999999,3.04986815
1788962425.581480,1.373,10.0,-14.932422383411414,10,0,189,,,,,,,,,,,,,,,,,,,,,,,,,,,,,,,,,20,5,15,0.0,-15,181,True,True,False,"A:1,B:1,ESTOP:0,MODE:1",DRIVE_RUN,,,,,,,,,,36.96761362666667,127.87251328666666,121.929,2,0.00012100000000000003,36.96761362666667,127.87251328666666,4.0,0.050970517158508304,1.0,0.0,0.0799410343170166,0.0,2.3371512532793153,nan,0.0,0.0,0.0,-0.4071316161146518,0.2723195524357959,0.762129430392493,0.423372932354743,-0.10225884087434776,0.0048520153205442364,0.05328490206338688,-9.326124149999998,0.8237586,3.79517355
1788962425.631452,1.423,10.0,-14.932422383411414,10,0,190,,,,,,,,,,,,,,,,,,,,,,,,,,,,,,,,,23,5,18,0.0,-15,173,True,True,False,"A:1,B:1,ESTOP:0,MODE:1",DRIVE_RUN,,,,,,,,,,36.96761362666667,127.87251328666666,121.929,2,0.00012100000000000003,36.96761362666667,127.87251328666666,4.0,0.07596930122375488,1.0,0.0,0.12993860244750977,0.0,2.3371512532793153,nan,0.0,0.0,0.0,-0.40777437774939335,0.2710553545302688,0.7633366544260932,0.4213860506010428,-0.06133086991508074,-0.018011797880581482,0.07222172444752535,-7.521700549999999,-0.5982056499999999,3.7069137
1788962425.681477,1.473,10.0,-14.932422383411414,10,0,189,,,,,,,,,,,,,,,,,,,,,,,,,,,,,,,,,16,7,9,0.0,-15,181,True,True,False,"A:1,B:1,ESTOP:0,MODE:1",DRIVE_RUN,,,,,,,,,,36.96761372833333,127.87251557,121.90899999999999,2,0.00012100000000000003,36.96761372833333,127.87251557,4.0,0.011000000000000001,1.0,1.0,0.0,0.0,3.15163789165431,nan,0.0,0.0,0.0,-0.40920069807588366,0.27027423182700727,0.764271114637733,0.4188034045168782,-0.1099731961681627,0.02665117767795341,0.08712683625955693,-8.571012099999999,1.34351105,7.433440699999999
1788962425.731479,1.523,10.0,-13.25262757752596,10,0,189,,,,,,,,,,,,,,,,,,,,,,,,,,,,,,,,,31,12,19,0.0,-15,174,True,True,False,"A:1,B:1,ESTOP:0,MODE:1",DRIVE_RUN,,,,,,,,,,36.96761372833333,127.87251557,121.90899999999999,2,0.00012100000000000003,36.96761372833333,127.87251557,4.0,0.023538552284240725,1.0,0.0,0.025077104568481445,0.0,3.15163789165431,nan,0.0,0.0,0.0,-0.4101762481664254,0.26906192960949804,0.7654766961345515,0.4164211223627595,-0.09923942126839758,0.019582594207376378,0.05653121447209633,-9.63993695,3.2950344,-0.7256921
1788962425.781479,1.573,10.0,-13.25262757752596,10,0,189,,,,,,,,,,,,,,,,,,,,,,,,,,,,,,,,,28,15,13,0.0,-15,172,True,True,False,"A:1,B:1,ESTOP:0,MODE:1",DRIVE_RUN,,,,,,,,,,36.96761372833333,127.87251557,121.90899999999999,2,0.00012100000000000003,36.96761372833333,127.87251557,4.0,0.04853340244293213,1.0,0.0,0.07506680488586426,0.0,3.15163789165431,nan,0.0,0.0,0.0,-0.4113825357343496,0.26758378531817717,0.7668294426090952,0.4136857902749337,-0.12922417781766016,0.028082347664588763,0.050038589654677425,-10.365629049999999,-0.8825985,6.4331624
1788962425.831449,1.623,10.0,-13.25262757752596,10,0,198,,,,,,,,,,,,,,,,,,,,,,,,,,,,,,,,,28,15,13,0.0,-15,179,True,True,False,"A:1,B:1,ESTOP:0,MODE:1",DRIVE_RUN,,,,,,,,,,36.96761372833333,127.87251557,121.90899999999999,2,0.00012100000000000003,36.96761372833333,127.87251557,4.0,0.07355245208740234,1.0,0.0,0.1251049041748047,0.0,3.15163789165431,nan,0.0,0.0,0.0,-0.412742068458669,0.2659146569968263,0.7683177050472776,0.4106352203959179,-0.15372860051566054,0.017889624832941875,0.10140362954087054,-9.3555441,-0.63743225,6.6587153500000005
1788962425.881452,1.673,10.0,-13.25262757752596,10,0,197,,,,,,,,,,,,,,,,,,,,,,,,,,,,,,,,,31,15,16,0.0,-15,173,True,True,False,"A:1,B:1,ESTOP:0,MODE:1",DRIVE_RUN,,,,,,,,,,36.967613801666666,127.87251864166667,121.90199999999999,2,0.00013455999999999999,36.967613801666666,127.87251864166667,4.0,0.0116,1.0,1.0,0.0,0.0,4.251536836109662,nan,0.0,0.0,0.0,-0.41374310734547143,0.26419193988645534,0.7699469448087134,0.40767752231742327,-0.0882438469808333,0.0004014257279586958,0.05963790054064624,-9.03192465,2.6085689,2.12804305
1788962425.931453,1.723,10.0,-12.200849150345956,10,0,189,,,,,,,,,,,,,,,,,,,,,,,,,,,,,,,,,27,15,12,0.0,-16,178,True,True,False,"A:1,B:1,ESTOP:0,MODE:1",DRIVE_RUN,,,,,,,,,,36.967613801666666,127.87251864166667,121.90199999999999,2,0.00013455999999999999,36.967613801666666,127.87251864166667,4.0,0.024748069381713866,1.0,0.0,0.026296138763427734,0.0,4.251536836109662,nan,0.0,0.0,0.0,-0.4150765125203172,0.26269426719981265,0.7713072028001453,0.40470780773656934,-0.1947961978150871,0.09122836000174361,0.08382816397328764,-9.208444349999999,0.9218251,6.3350959
1788962425.981452,1.773,10.0,-12.200849150345956,10,0,189,,,,,,,,,,,,,,,,,,,,,,,,,,,,,,,,,28,15,13,0.0,-15,217,True,True,False,"A:1,B:1,ESTOP:0,MODE:1",DRIVE_RUN,,,,,,,,,,36.967613801666666,127.87251864166667,121.90199999999999,2,0.00013455999999999999,36.967613801666666,127.87251864166667,4.0,0.04974351558685303,1.0,0.0,0.07628703117370605,0.0,4.251536836109662,nan,0.0,0.0,0.0,-0.4168630300186421,0.2614244571463784,0.7723666693179316,0.4016617924773562,-0.10339330488814409,-0.002181661564992912,0.0756251164889143,-9.649743599999999,0.5295591,2.8635417999999997
1788962426.031457,1.823,10.0,-12.200849150345956,10,0,189,,,,,,,,,,,,,,,,,,,,,,,,,,,,,,,,,18,5,13,0.0,-15,195,True,True,False,"A:1,B:1,ESTOP:0,MODE:1",DRIVE_RUN,,,,,,,,,,36.967613801666666,127.87251864166667,121.90199999999999,2,0.00013455999999999999,36.967613801666666,127.87251864166667,4.0,0.07474229965209961,1.0,0.0,0.12628459930419922,0.0,4.251536836109662,nan,0.0,0.0,0.0,-0.41798373908008124,0.25951298813737095,0.773989883061159,0.39860038104801226,-0.24298473846265056,0.035168384427685745,0.09587093581204853,-8.149326149999998,0.784532,2.7262487
1788962426.081459,1.873,10.0,-12.200849150345956,10,0,194,,,,,,,,,,,,,,,,,,,,,,,,,,,,,,,,,19,5,14,0.0,-15,200,True,True,False,"A:1,B:1,ESTOP:0,MODE:1",DRIVE_RUN,,,,,,,,,,36.96761394166667,127.87252219833333,121.89599999999999,2,0.00013455999999999999,36.96761394166667,127.87252219833333,4.0,0.0116,1.0,1.0,0.0,0.0,5.392257707535612,1.5579276045039767,0.0,0.0,0.0,-0.4194847431621473,0.2575260110178474,0.7755740370934218,0.39521869501585394,-0.12316788531323984,0.029949849964222695,0.09618509507740751,-9.62032365,0.0392266,4.020726499999999
1788962426.131482,1.923,10.0,1.3622154991886612,10,0,191,,,,,,,,,,,,,,,,,,,,,,,,,,,,,,,,,17,5,12,0.0,-15,176,True,True,False,"A:1,B:1,ESTOP:0,MODE:1",DRIVE_RUN,,,,,,,,,,36.96761394166667,127.87252219833333,121.89599999999999,2,0.00013455999999999999,36.967614005569914,127.87252498535248,4.0,0.027184707260131835,1.0,0.0,0.031169414520263672,0.24798386192321778,5.392257707535612,1.5579276045039767,0.0,0.0,0.0,-0.42102753018640565,0.2557619380667929,0.7772546372447581,0.391403728575716,-0.1451241273033285,0.04862487296056202,0.1030791456227851,-10.3165958,0.02941995,4.48163905
1788962426.181453,1.973,10.0,6.099247183138119,10,0,192,,,,,,,,,,,,,,,,,,,,,,,,,,,,,,,,,37,21,16,0.0,-14,280,True,True,False,"A:1,B:1,ESTOP:0,MODE:1",DRIVE_RUN,,,,,,,,,,36.96761394166667,127.87252219833333,121.89599999999999,2,0.00013455999999999999,36.96761412333873,127.8725294821557,4.0,0.052195173835754394,1.0,0.0,0.08119034767150879,0.6481500546389709,5.392257707535612,1.5579276045039767,0.0,0.0,0.0,-0.4223142185045396,0.2535745798737472,0.7790770985942096,0.38780086092836435,-0.18783233409962977,-0.012671090369478832,0.08946557745722934,-9.1201845,0.5982056499999999,3.95207995
1788962426.231453,2.023,10.0,10.146805977746679,10,0,192,,,,,,,,,,,,,,,,,,,,,,,,,,,,,,,,,41,21,20,0.0,-14,204,True,True,False,"A:1,B:1,ESTOP:0,MODE:1",DRIVE_RUN,,,,,,,,,,36.96761394166667,127.87252219833333,121.89599999999999,2,0.00013455999999999999,36.967614258353315,127.87253397648273,4.0,0.07719610366821289,1.0,0.0,0.13119220733642578,1.048159906128194,5.392257707535612,1.5579276045039767,0.0,0.0,0.0,-0.4237283201734717,0.25116801698512975,0.7809914052533063,0.3839548968917981,-0.16929693744344995,0.009721483933608416,0.1343205392334836,-9.6301303,0.04903325,3.6873004
1788962426.281475,2.073,10.0,14.562717076471877,10,0,187,,,,,,,,,,,,,,,,,,,,,,,,,,,,,,,,,16,9,7,0.0,-13,168,True,True,False,"A:1,B:1,ESTOP:0,MODE:1",DRIVE_RUN,,,,,,,,,,36.96761431833333,127.87252635333333,121.87299999999999,2,0.00013455999999999999,36.96761431833333,127.87252635333333,4.0,0.0116,1.0,1.0,0.0,0.0,6.275339839366083,6.47324348572661,0.0,0.0,0.0,-0.42508040585717194,0.24925349642181865,0.7829633703873402,0.37966788606556784,-0.16800539379697416,0.04447098934081552,0.10967649019532366,-9.483030549999999,-0.67665885,5.5113373
1788962426.331503,2.123,10.0,14.416993913314307,10,0,188,,,,,,,,,,,,,,,,,,,,,,,,,,,,,,,,,13,7,6,0.0,-12,195,True,True,False,"A:1,B:1,ESTOP:0,MODE:1",DRIVE_RUN,,,"🅑 주행 중 — WP 22/291, 6.3km/h, CTE -0.12m, LFD 2.5m",,,,,,,36.96761431833333,127.87252635333333,121.87299999999999,2,0.00013455999999999999,36.96761454722804,127.87252883993729,4.0,0.027339917755126952,1.0,0.0,0.031479835510253906,0.2226253967285156,6.275339839366083,6.47324348572661,0.0,0.0,0.0,-0.42611447902842847,0.24789460745881975,0.7845602319594684,0.3760850392967974,-0.10922270458980514,0.01567305668290908,0.09772098481916251,-10.4342756,-0.4903325,5.89379665
1788962426.381480,2.173,10.0,18.96877182913223,10,0,189,,,,,,,,,,,,,,,,,,,,,,,,,,,,,,,,,27,11,16,0.0,-8,170,True,True,False,"A:1,B:1,ESTOP:0,MODE:1",DRIVE_RUN,,,,,,,,,,36.96761431833333,127.87252635333333,121.87299999999999,2,0.00013455999999999999,36.9676149239094,127.87253278721963,4.0,0.05233798656463623,1.0,0.0,0.08147597312927246,0.5761968947171203,6.275339839366083,6.47324348572661,0.0,0.0,0.0,-0.42674980049747907,0.2465614332462474,0.7855675982228973,0.37413315281223936,-0.0846135621366851,-0.05969026041820607,0.023841197582242544,-9.18883105,-0.48052585,5.4721107
1788962426.431478,2.223,10.0,21.92461962567827,10,0,188,,,,,,,,,,,,,,,,,,,,,,,,,,,,,,,,,28,7,21,0.0,-6,170,True,True,False,"A:1,B:1,ESTOP:0,MODE:1",DRIVE_RUN,,,,,,,,,,36.96761431833333,127.87252635333333,121.87299999999999,2,0.00013455999999999999,36.967615360553225,127.87253724772235,4.0,0.07731865081787109,1.0,0.0,0.1314373016357422,0.975884972258187,6.275339839366083,6.47324348572661,0.0,0.0,0.0,-0.4270336145487235,0.245813337462272,0.7860002709032272,0.3733921120098344,-0.01815142422074103,-0.00445058959258554,0.01790707812546182,-7.2373077,-0.45110589999999995,3.2361945
1788962426.481580,2.273,10.0,26.770570113016994,10,0,188,,,,,,,,,,,,,,,,,,,,,,,,,,,,,,,,,25,13,12,0.0,-3,345,True,True,False,"A:1,B:1,ESTOP:0,MODE:1",DRIVE_RUN,,,,,,,,,,36.96761473666667,127.87253112,121.857,2,0.00013455999999999999,36.96761473666667,127.87253112,4.0,0.0116,1.0,1.0,0.0,0.0,7.050149325958111,6.2684363770154965,0.0,0.0,0.0,-0.42722778417532575,0.24636309049801655,0.7856173445965571,0.37361348468432176,0.0559901624039781,0.0055152404363020815,-0.041713369122664476,-9.46341725,1.4317708999999998,2.0986230999999997
1788962426.531459,2.323,10.0,17.60669694810553,10,0,210,,,,,,,,,,,,,,,,,,,,,,,,,,,,,,,,,17,7,10,0.0,0,192,True,True,False,"A:1,B:1,ESTOP:0,MODE:1",DRIVE_RUN,,,,,,,,,,36.96761473666667,127.87253112,121.857,2,0.00013455999999999999,36.96761473666667,127.87253112,4.0,0.0116,1.0,1.0,0.0,0.0,7.050149325958111,6.2684363770154965,0.0,0.0,0.0,-0.42651024344327315,0.2470300626257769,0.7849817354678862,0.3753249730285616,0.13625785470319732,-0.03633775502652194,-0.05178391890667176,-10.89518815,1.93191005,4.697385349999999
1788962426.581452,2.373,10.0,21.85782675258617,10,0,189,,,,,,,,,,,,,,,,,,,,,,,,,,,,,,,,,20,7,13,0.0,3,223,True,True,False,"A:1,B:1,ESTOP:0,MODE:1",DRIVE_RUN,,,,,,,,,,36.96761473666667,127.87253112,121.857,2,0.00013455999999999999,36.9676153033949,127.8725376927624,4.0,0.04834912452697754,1.0,0.0,0.07349824905395508,0.5879859924316406,7.050149325958111,6.2684363770154965,0.0,0.0,0.0,-0.42494192869932207,0.24828405873216736,0.7838493933927199,0.3786284615433013,0.1776221579754629,-0.028204520712228367,-0.08847073978359256,-9.1005712,0.196133,5.4132708
1788962426.631453,2.423,10.0,23.249600943427712,10,0,190,,,,,,,,,,,,,,,,,,,,,,,,,,,,,,,,,18,5,13,0.0,6,172,True,True,False,"A:1,B:1,ESTOP:0,MODE:1",DRIVE_RUN,,,,,,,,,,36.96761473666667,127.87253112,121.857,2,0.00013455999999999999,36.96761567222118,127.87254214185798,4.0,0.07335124645233154,1.0,0.0,0.12350249290466309,0.9858177475341214,7.050149325958111,6.2684363770154965,0.0,0.0,0.0,-0.4239059247955843,0.2520255987333182,0.7814485844605683,0.38226296492190703,0.20340067102741916,-0.013578661580515884,-0.1313011196275334,-8.8848249,0.6080123,4.95235825
1788962426.681451,2.473,10.0,26.78738244049835,10,0,189,,,,,,,,,,,,,,,,,,,,,,,,,,,,,,,,,15,7,8,0.0,9,369,True,True,False,"A:1,B:1,ESTOP:0,MODE:1",DRIVE_RUN,,,,,,,,,,36.967614686666664,127.87253636166666,121.87799999999999,2,0.00013455999999999999,36.967614686666664,127.87253636166666,4.0,0.0116,1.0,1.0,0.0,0.0,7.924439667060139,-0.6840205469589177,0.0,0.0,0.0,-0.4220639821791283,0.25519178665796927,0.7784272303652313,0.3883171307003142,0.2832669375986797,-0.08763298174263529,-0.16360716408194848,-7.8649333,1.63771055,2.3241760499999997
1788962426.731454,2.523,10.0,14.46663770785862,10,0,189,,,,,,,,,,,,,,,,,,,,,,,,,,,,,,,,,19,11,8,0.0,12,174,True,True,False,"A:1,B:1,ESTOP:0,MODE:1",DRIVE_RUN,,,,,,,,,,36.967614686666664,127.87253636166666,121.87799999999999,2,0.00013455999999999999,36.96761465977623,127.87253874534198,4.0,0.024925095176696777,1.0,0.0,0.026650190353393555,0.21202891445159913,7.924439667060139,-0.6840205469589177,0.0,0.0,0.0,-0.4192734752615298,0.2589031262698261,0.7749762940236538,0.3957153874329292,0.379836005111526,-0.0004188790204786391,-0.2291791840793754,-9.18883105,4.01091985,3.5107806999999998
1788962426.781483,2.573,10.0,13.89620098641186,10,0,189,,,,,,,,,,,,,,,,,,,,,,,,,,,,,,,,,18,9,9,0.0,15,170,True,True,False,"A:1,B:1,ESTOP:0,MODE:1",DRIVE_RUN,,,,,,,,,,36.967614686666664,127.87253636166666,121.87799999999999,2,0.00013455999999999999,36.96761458104988,127.87254321755631,4.0,0.04992900524139404,1.0,0.0,0.07665801048278809,0.6098868037935089,7.924439667060139,-0.6840205469589177,0.0,0.0,0.0,-0.4164821058455815,0.2641874491283026,0.7702256003182412,0.40435154488132685,0.4233296100712246,0.0072954762733362976,-0.2236464903505534,-9.934136449999999,0.6472389,6.266449349999999
1788962426.831454,2.623,10.0,14.857347447614186,10,0,188,,,,,,,,,,,,,,,,,,,,,,,,,,,,,,,,,24,9,15,0.0,18,236,True,True,False,"A:1,B:1,ESTOP:0,MODE:1",DRIVE_RUN,,,,,,,,,,36.967614686666664,127.87253636166666,121.87799999999999,2,0.00013455999999999999,36.96761446123922,127.8725477122581,4.0,0.07492826614379883,1.0,0.0,0.12665653228759766,1.0098510630393012,7.924439667060139,-0.6840205469589177,0.0,0.0,0.0,-0.41306683438895925,0.27011603484923946,0.764547604589465,0.41458422348386564,0.4675737066092809,-0.10752973521537064,-0.2867575961026683,-9.404577349999999,0.6864655000000001,3.67749375
1788962426.881452,2.673,10.0,14.71457129361526,10,0,187,,,,,,,,,,,,,,,,,,,,,,,,,,,,,,,,,22,15,7,0.0,21,174,True,True,False,"A:1,B:1,ESTOP:0,MODE:1",DRIVE_RUN,,,,,,,,,,36.967614686666664,127.87253636166666,121.87799999999999,2,0.00013455999999999999,36.967614295671225,127.87255220341716,4.0,0.09992049369812012,1.0,0.0,0.17664098739624023,1.4096619947377003,7.924439667060139,-0.6840205469589177,0.0,0.0,0.0,-0.40835753457157586,0.2758720309476538,0.7584017452731076,0.4265741896389718,0.5449266990576696,-0.05592034923389832,-0.31901128067952356,-5.9428298999999996,3.83440015,5.570177199999999
1788962426.931456,2.723,10.0,6.458671089561916,10,0,192,,,,,,,,,,,,,,,,,,,,,,,,,,,,,,,,,28,17,11,0.0,22,312,True,True,False,"A:1,B:1,ESTOP:0,MODE:1",DRIVE_RUN,,,,,,,,,,36.967613855,127.87254193833333,121.9,2,0.00012544000000000005,36.967613855,127.87254193833333,4.0,0.011200000000000002,1.0,1.0,0.0,0.0,8.527001542466442,-10.572912803840405,0.0,0.0,0.0,-0.40349953070449035,0.28251428491492536,0.7511758111925138,0.43944135925005207,0.5244016270542162,-0.06887069228369624,-0.36980036191255855,-6.24683605,4.118792999999999,5.36423755
1788962426.981477,2.773,10.0,3.245301979775025,10,0,189,,,,,,,,,,,,,,,,,,,,,,,,,,,,,,,,,11,6,5,0.0,21,223,True,True,False,"A:1,B:1,ESTOP:0,MODE:1",DRIVE_RUN,,,,,,,,,,36.967613855,127.87254193833333,121.9,2,0.00012544000000000005,36.96761294037602,127.87254768642607,4.0,0.04378025646209717,1.0,0.0,0.06516051292419434,0.5212841033935547,8.527001542466442,-10.572912803840405,0.0,0.0,0.0,-0.395696984144794,0.2898032501980718,0.7455847601569175,0.45115555890967357,0.5276130328778859,0.0113271868454432,-0.3375466773357033,-8.6886919,0.6864655000000001,6.6587153500000005
1788962427.031453,2.823,10.0,1.0917760889712742,10,0,189,,,,,,,,,,,,,,,,,,,,,,,,,,,,,,,,,11,6,5,0.0,20,194,True,True,False,"A:1,B:1,ESTOP:0,MODE:1",DRIVE_RUN,,,,,,,,,,36.967613855,127.87254193833333,121.9,2,0.00012544000000000005,36.967612470267575,127.8725503543953,4.0,0.06876950378417969,1.0,0.0,0.11513900756835938,0.7642447761805752,8.527001542466442,-10.572912803840405,0.0,0.0,0.0,-0.3909364975956366,0.29625317398946915,0.7385244915069409,0.46258435684017296,0.4863359960682199,-0.05612978874413764,-0.3526961352430141,-6.44296905,2.7262487,5.530950599999999
1788962427.081453,2.873,10.0,-0.49615824365359024,10,0,188,,,,,,,,,,,,,,,,,,,,,,,,,,,,,,,,,24,15,9,0.0,19,203,True,True,False,"A:1,B:1,ESTOP:0,MODE:1",DRIVE_RUN,,,,,,,,,,36.967613855,127.87254193833333,121.9,2,0.00012544000000000005,36.967611963011684,127.87255301409631,4.0,0.09378020877838135,1.0,0.0,0.1651604175567627,1.007358922197474,8.527001542466442,-10.572912803840405,0.0,0.0,0.0,-0.38671644494139873,0.3027383331483648,0.7310784837059124,0.4736286979446027,0.5440191278466325,0.012479104151759455,-0.3301988411848072,-8.3748791,5.2563644,7.5903471
1788962427.131456,2.923,10.0,-5.674856528810784,10,0,191,,,,,,,,,,,,,,,,,,,,,,,,,,,,,,,,,38,23,15,0.0,17,178,True,True,False,"A:1,B:1,ESTOP:0,MODE:1",DRIVE_RUN,,,,,,,,,,36.967612116666665,127.872547845,121.887,2,0.00012995999999999998,36.967612116666665,127.872547845,4.0,0.011399999999999999,1.0,1.0,0.0,0.0,9.300596569760236,-20.221122051119245,0.0,0.0,0.0,-0.3822723331889653,0.3075948444168634,0.7241414188978643,0.48463644147238677,0.32798227303477445,-0.10838494654884787,-0.28918360376294044,-5.12887795,1.4219642499999998,8.62004535
1788962427.181484,2.973,10.0,-10.239272275210249,10,0,189,,,,,,,,,,,,,,,,,,,,,,,,,,,,,,,,,25,13,12,0.0,14,180,True,True,False,"A:1,B:1,ESTOP:0,MODE:1",DRIVE_RUN,,,,,,,,,,36.967612116666665,127.872547845,121.887,2,0.00012995999999999998,36.96761043226342,127.8725534040268,4.0,0.04444934501647949,1.0,0.0,0.06609869003295898,0.5287895202636719,9.300596569760236,-20.221122051119245,0.0,0.0,0.0,-0.3787182176325852,0.3121443200742788,0.7178023172406963,0.49386057591434723,0.40139082137365595,0.019792033717615697,-0.24218188700673315,-8.34545915,3.04986815,9.69877685
1788962427.231484,3.023,10.0,-14.05969417021856,10,0,190,,,,,,,,,,,,,,,,,,,,,,,,,,,,,,,,,11,7,4,0.0,13,272,True,True,False,"A:1,B:1,ESTOP:0,MODE:1",DRIVE_RUN,,,,,,,,,,36.967612116666665,127.872547845,121.887,2,0.00012995999999999998,36.96760910556798,127.87255758446611,4.0,0.0694538511276245,1.0,0.0,0.11610770225524902,0.9288338587330662,9.300596569760236,-20.221122051119245,0.0,0.0,0.0,-0.3745719961781278,0.3171281413347539,0.7127154706638227,0.5011608719055615,0.3746698305256227,-0.05242969072990966,-0.18222982720072797,-9.610517,0.9414384,5.42307745
1788962427.281478,3.073,10.0,-15.482378499460648,10,0,190,,,,,,,,,,,,,,,,,,,,,,,,,,,,,,,,,15,6,9,0.0,8,179,True,True,False,"A:1,B:1,ESTOP:0,MODE:1",DRIVE_RUN,,,,,,,,,,36.967609878333334,127.872553775,121.887,2,0.00012995999999999998,36.967609878333334,127.872553775,4.0,0.011399999999999999,1.0,1.0,0.0,0.0,10.727035058468156,-25.287410082322307,0.0,0.0,0.0,-0.3728289329678898,0.32424785792203337,0.7074681017000198,0.5053224697675415,0.3153286359578155,-0.11904890827853322,-0.16770868782413512,-10.6107953,1.61809725,1.1375714
1788962427.331458,3.123,10.0,-18.14050636473923,10,0,192,,,,,,,,,,,,,,,,,,,,,,,,,,,,,,,,,15,9,6,0.0,6,186,True,True,False,"A:1,B:1,ESTOP:0,MODE:1",DRIVE_RUN,,,,,,,,,,36.967609878333334,127.872553775,121.887,2,0.00012995999999999998,36.96760906276167,127.87255592081816,4.0,0.027338639640808106,1.0,0.0,0.03187727928161621,0.21134636163711548,10.727035058468156,-25.287410082322307,0.0,0.0,0.0,-0.3710434474716061,0.32609995003848136,0.7040246308760586,0.5102302439028042,0.3334277003009967,-0.07401941357707952,-0.09960594041131639,-10.24794925,0.2745862,-3.5500073
1788962427.381459,3.173,10.0,-20.7486945176574,10,0,190,,,,,,,,,,,,,,,,,,,,,,,,,,,,,,,,,11,5,6,0.0,3,208,True,True,False,"A:1,B:1,ESTOP:0,MODE:1",DRIVE_RUN,,,"🅑 주행 중 — WP 30/291, 10.7km/h, CTE -0.43m, LFD 4.3m",,,,,,,36.967609878333334,127.872553775,121.887,2,0.00012995999999999998,36.967607770136,127.87255927702071,4.0,0.052329436683654786,1.0,0.0,0.08185887336730957,0.5427226109656168,10.727035058468156,-25.287410082322307,0.0,0.0,0.0,-0.3698430811604611,0.3280056342917588,0.7013169004415505,0.513598096127365,0.11650072757062149,0.0054105206811824215,-0.1030791456227851,-10.806928300000001,1.99074995,-0.2745862
1788962427.431458,3.223,10.0,-22.598674665843493,10,0,189,,,,,,,,,,,,,,,,,,,,,,,,,,,,,,,,,13,7,6,0.0,0,209,True,True,False,"A:1,B:1,ESTOP:0,MODE:1",DRIVE_RUN,,,,,,,,,,36.967609878333334,127.872553775,121.887,2,0.00012995999999999998,36.96760663753326,127.87256218004157,4.0,0.07733275070190429,1.0,0.0,0.1318655014038086,0.8300559912161076,10.727035058468156,-25.287410082322307,0.0,0.0,0.0,-0.36925423400278795,0.3278903802744232,0.6998788792368383,0.5160511249795852,0.0016231562043547264,-0.02272418686096617,-0.039706240482871,-6.913688249999999,1.67693715,1.2062179499999999
1788962427.481457,3.273,10.0,-24.21112298898334,10,0,189,,,,,,,,,,,,,,,,,,,,,,,,,,,,,,,,,26,17,9,0.0,-4,327,True,True,False,"A:1,B:1,ESTOP:0,MODE:1",DRIVE_RUN,,,,,,,,,,36.967607705,127.87255990666667,121.88499999999999,2,0.00012544000000000005,36.967607705,127.87255990666667,4.0,0.011200000000000002,1.0,1.0,0.0,0.0,10.937558200341185,-23.92318758034664,0.0,0.0,0.0,-0.36972490636803884,0.32766833528859346,0.6995955465458835,0.5162393116699978,-0.10768681484805014,0.08606218541584039,0.02806489437206882,-7.217694399999999,-0.2745862,5.2759777
1788962427.531465,3.323,10.0,-20.827401852223495,10,0,189,,,,,,,,,,,,,,,,,,,,,,,,,,,,,,,,,15,11,4,0.0,-6,172,True,True,False,"A:1,B:1,ESTOP:0,MODE:1",DRIVE_RUN,,,,,,,,,,36.967607705,127.87255990666667,121.88499999999999,2,0.00012544000000000005,36.96760703475508,127.8725617996315,4.0,0.025088001441955568,1.0,0.0,0.027776002883911133,0.1841548991203308,10.937558200341185,-23.92318758034664,0.0,0.0,0.0,-0.3710060977900911,0.3264777625965447,0.7005598852695394,0.5147645996799444,-0.1887748118957067,-0.05874778262212913,0.0364424747816416,-8.54159215,-0.8924051499999999,2.8831550999999997
1788962427.581479,3.373,10.0,-22.091783799576124,10,0,189,,,,,,,,,,,,,,,,,,,,,,,,,,,,,,,,,10,5,5,0.0,-10,184,True,True,False,"A:1,B:1,ESTOP:0,MODE:1",DRIVE_RUN,,,,,,,,,,36.967607705,127.87255990666667,121.88499999999999,2,0.00012544000000000005,36.96760583246781,127.87256520719242,4.0,0.050073672485351564,1.0,0.0,0.07774734497070312,0.5154647970914619,10.937558200341185,-23.92318758034664,0.0,0.0,0.0,-0.37269254863320944,0.3235988403760819,0.7030573666469241,0.5119515542549222,-0.18762289458939044,0.05979498017332573,0.09388126046477498,-11.64049355,-1.4808041499999998,12.1210194
1788962427.631480,3.423,10.0,-23.411273735298064,10,0,189,,,,,,,,,,,,,,,,,,,,,,,,,,,,,,,,,26,19,7,0.0,-13,171,True,True,False,"A:1,B:1,ESTOP:0,MODE:1",DRIVE_RUN,,,,,,,,,,36.967607705,127.87255990666667,121.88499999999999,2,0.00012544000000000005,36.967604638723685,127.87256862058048,4.0,0.0750662576675415,1.0,0.0,0.127732515335083,0.846865079832379,10.937558200341185,-23.92318758034664,0.0,0.0,0.0,-0.37736619331627785,0.32061814248333237,0.7057120331019323,0.5067240759897406,-0.19725711206039911,0.05572836301617894,0.1820902008605684,-11.9444997,-6.36451585,1.3729310000000001
1788962427.681470,3.473,10.0,-24.34919723483449,10,0,194,,,,,,,,,,,,,,,,,,,,,,,,,,,,,,,,,13,7,6,0.0,-16,333,True,True,False,"A:1,B:1,ESTOP:0,MODE:1",DRIVE_RUN,,,,,,,,,,36.967605615,127.87256715166667,121.90100000000001,2,0.00012544000000000005,36.967605615,127.87256715166667,4.0,0.011200000000000002,1.0,1.0,0.0,0.0,11.509287306266186,-19.8524140637564,0.0,0.0,0.0,-0.3802484780612406,0.3177601708628834,0.7109282362479634,0.4990196505656479,-0.3366914660022261,-0.020245819323134222,0.184062422915322,-9.4536106,5.648630399999999,-6.5508422
1788962427.731478,3.523,10.0,-19.94309443060029,10,0,190,,,,,,,,,,,,,,,,,,,,,,,,,,,,,,,,,10,5,5,0.0,-18,211,True,True,False,"A:1,B:1,ESTOP:0,MODE:1",DRIVE_RUN,,,,,,,,,,36.967605615,127.87256715166667,121.90100000000001,2,0.00012544000000000005,36.967605072263254,127.8725690501216,4.0,0.026805211257934572,1.0,0.0,0.03121042251586914,0.1793350877761841,11.509287306266186,-19.8524140637564,0.0,0.0,0.0,-0.3850108544093316,0.31188046308868667,0.7161427391414206,0.49156565777686895,-0.48555059790482247,0.004241150082346221,0.26647687019449423,-6.962721499999999,-2.9616082999999995,2.9616082999999995
1788962427.781493,3.573,0.0,-19.94309443060029,0,0,190,,,,,,,,,,,,,,,,,,,,,,,,,,,,,,,,,23,15,8,0.0,-18,162,True,True,True,"A:1,B:1,ESTOP:1,MODE:1",DRIVE_RUN,,,⛔ 시험 중단 — E-STOP 으로 중단. 리니어 2단 | 🟢 완전정지 확인 — 리니어 해제(0단). 1.5초 뒤 런치를 내린다,,,,,,,36.967605615,127.87256715166667,121.90100000000001,2,0.00012544000000000005,36.967604226157604,127.87257210112303,4.0,0.05180018062591553,1.0,0.0,0.08120036125183105,0.4665722591431127,11.509287306266186,-19.8524140637564,0.0,0.0,0.0,-0.3890104945150908,0.30638896378184244,0.7233707297425602,0.48117712474880736,-0.6845006793396561,-0.009407324668249437,0.32864549815053223,-7.4726672999999995,0.06864655,12.3759923
1788962427.831517,3.623,0.0,-19.94309443060029,0,0,190,,,,,,,,,,,,,,,,,,,,,,,,,,,,,,,,,19,10,9,0.0,-18,165,True,True,True,"A:1,B:1,ESTOP:1,MODE:1",DRIVE_DONE,,,,,,,,,,36.967605615,127.87256715166667,121.90100000000001,2,0.00012544000000000005,36.96760309849857,127.8725763714315,4.0,0.07680111045837403,1.0,0.0,0.13120222091674805,0.8665501177390973,11.509287306266186,-19.8524140637564,0.0,0.0,0.0,-0.3940522504611123,0.30034861142403324,0.7301788973100561,0.470480938450495,-0.6164328385118772,0.1480737337391989,0.32845351193281286,-7.93357985,-1.5494507,5.658437049999999
1788962427.881451,3.673,0.0,-19.94309443060029,0,0,190,,,,,,,,,,,,,,,,,,,,,,,,,,,,,,,,,16,11,5,0.0,-18,170,True,True,True,"A:1,B:1,ESTOP:1,MODE:1",DRIVE_DONE,,,,,,,,,,36.967604648333335,127.87257489,121.906,2,0.00012544000000000005,36.967604648333335,127.87257489,4.0,0.011200000000000002,1.0,1.0,0.0,0.0,12.365460652892144,-8.886210399908991,0.0,0.0,0.0,-0.4017529543398449,0.29186073485521874,0.7355682428519044,0.4608158365732888,-0.4651651522415287,0.04965461721923868,0.32351423014966896,-8.85540495,-0.53936575,3.726527
1788962427.931452,3.723,0.0,-19.94309443060029,0,0,190,,,,,,,,,,,,,,,,,,,,,,,,,,,,,,,,,8,4,4,0.0,-18,206,True,True,True,"A:1,B:1,ESTOP:1,MODE:1",DRIVE_DONE,,,,,,,,,,36.967604648333335,127.87257489,121.906,2,0.00012544000000000005,36.967604387594456,127.87257703951106,4.0,0.0248716365814209,1.0,0.0,0.027343273162841797,0.19337162780761719,12.365460652892144,-8.886210399908991,0.0,0.0,0.0,-0.41048120084530415,0.2834524896536647,0.7406055615340467,0.4501813768766714,-0.47265261473258435,0.08457865555164522,0.3922103895081658,-9.738003449999999,-3.18716125,3.4029075499999997
1788962427.981455,3.773,0.0,-19.94309443060029,0,0,622,,,,,,,,,,,,,,,,,,,,,,,,,,,,,,,,,9,4,5,0.0,-23,158,True,True,False,"A:1,B:1,ESTOP:0,MODE:1",DRIVE_DONE,,,,,,,,,,36.967604648333335,127.87257489,121.906,2,0.00012544000000000005,36.96760414470512,127.87257925361826,4.0,0.049855757904052736,1.0,0.0,0.07731151580810547,0.3921353842999598,12.365460652892144,-8.886210399908991,0.0,0.0,0.0,-0.41423149890567035,0.2769572095754951,0.7483042894021403,0.4378900088388349,-0.5472479869628221,0.009407324668249437,0.32337460380950933,-7.992419749999999,-1.8338435499999999,5.88399
1788962428.031453,3.823,0.0,-19.94309443060029,0,0,498,,,,,,,,,,,,,,,,,,,,,,,,,,,,,,,,,9,4,5,0.0,-22,164,True,True,False,"A:1,B:1,ESTOP:0,MODE:1",DRIVE_DONE,,,,,,,,,,36.967604648333335,127.87257489,121.906,2,0.00012544000000000005,36.96760393333427,127.87258147444915,4.0,0.07485835666656494,1.0,0.0,0.12731671333312988,0.5910151572003105,12.365460652892144,-8.886210399908991,0.0,0.0,0.0,-0.41871107940110175,0.26932103760349774,0.7553678198329609,0.42610640390838883,-0.5712986240553038,0.061557762717840005,0.3586651612848347,-7.85512665,1.4709975,6.22722275
1788962428.081475,3.873,0.0,-19.94309443060029,0,0,291,,,,,,,,,,,,,,,,,,,,,,,,,,,,,,,,,8,4,4,0.0,-22,168,True,True,False,"A:1,B:1,ESTOP:0,MODE:1",DRIVE_DONE,,,,,,,,,,36.967604648333335,127.87257489,121.906,2,0.00012544000000000005,36.96760375232415,127.87258369848077,4.0,0.09984986896514893,1.0,0.0,0.17729973793029785,0.7897638141724836,12.365460652892144,-8.886210399908991,0.0,0.0,0.0,-0.4233637571176481,0.2632127532942873,0.7621053671538561,0.4131314379440951,-0.5331631798992278,0.06489134158914917,0.37730527769613414,-8.580818749999999,-1.0296982499999998,4.40318585
1788962428.131453,3.923,0.0,-19.94309443060029,0,0,216,,,,,,,,,,,,,,,,,,,,,,,,,,,,,,,,,8,4,4,0.0,-23,172,True,True,False,"A:1,B:1,ESTOP:0,MODE:1",DRIVE_DONE,,,,,,,,,,36.967604613333336,127.87258290166666,121.892,2,0.00012544000000000005,36.967604613333336,127.87258290166666,4.0,0.011200000000000002,1.0,1.0,0.0,0.0,12.189916806727656,-0.31327805639491385,0.0,0.0,0.0,-0.42754560881651577,0.2561739365480389,0.7687797814952859,0.4006960371394465,-0.564491839972526,0.0204378055408536,0.32751103413673593,-8.208166049999999,-3.1577413,5.2171378
1788962428.181455,3.973,0.0,-19.94309443060029,0,0,191,,,,,,,,,,,,,,,,,,,,,,,,,,,,,,,,,9,4,5,0.0,-23,170,True,True,False,"A:1,B:1,ESTOP:0,MODE:1",DRIVE_DONE,,,,,,,,,,36.967604613333336,127.87258290166666,121.892,2,0.00012544000000000005,36.96760462461803,127.872585532473,4.0,0.04428701515197754,1.0,0.0,0.06617403030395508,0.23399137115478516,12.189916806727656,-0.31327805639491385,0.0,0.0,0.0,-0.43163508353634417,0.24959435690080706,0.7756981796711017,0.3868929383159959,-0.5515240436302081,0.08326965861264946,0.4119151567631817,-7.001948099999999,-3.12832135,5.48191735
1788962428.231455,4.023,0.0,-19.94309443060029,0,0,190,,,,,,,,,,,,,,,,,,,,,,,,,,,,,,,,,9,4,5,0.0,-23,170,True,True,False,"A:1,B:1,ESTOP:0,MODE:1",DRIVE_DONE,,,,,,,,,,36.967604613333336,127.87258290166666,121.892,2,0.00012544000000000005,36.96760467198052,127.87258776846515,4.0,0.06929235572814942,1.0,0.0,0.11618471145629883,0.43290984285536,12.189916806727656,-0.31327805639491385,0.0,0.0,0.0,-0.4361644152144231,0.24314014297302367,0.7818874163123433,0.37322317986444303,-0.5686980834698324,0.04181808887778413,0.33375931285887567,-9.934136449999999,-4.16782625,3.83440015
1788962428.281457,4.073,0.0,-19.94309443060029,0,0,190,,,,,,,,,,,,,,,,,,,,,,,,,,,,,,,,,7,3,4,0.0,-22,172,True,True,False,"A:1,B:1,ESTOP:0,MODE:1",DRIVE_DONE,,,,,,,,,,36.967605545,127.87259084,121.911,2,0.00012995999999999998,36.967605545,127.87259084,4.0,0.011399999999999999,1.0,1.0,0.0,0.0,12.93425304610479,8.35652210750429,0.0,0.0,0.0,-0.43956370488147023,0.23589947806216216,0.7881529138175155,0.36048601920440004,-0.5838475413771431,0.01038470904936626,0.3392221934176179,-6.4920023,-0.5687857,5.89379665
1788962428.331456,4.123,0.0,-19.94309443060029,0,0,189,,,,,,,,,,,,,,,,,,,,,,,,,,,,,,,,,8,3,5,0.0,-22,172,True,True,False,"A:1,B:1,ESTOP:0,MODE:1",DRIVE_DONE,,,,,,,,,,36.967605545,127.87259084,121.911,2,0.00012995999999999998,36.967605695679204,127.87259207784922,4.0,0.027147547149658204,1.0,0.0,0.031495094299316406,0.11136665344238281,12.93425304610479,8.35652210750429,0.0,0.0,0.0,-0.43895817184048513,0.2243082232117974,0.7963317739107706,0.35050998592643684,-0.5320810757629914,0.07679448708775051,0.3529055747532534,-7.87473995,-5.7663101999999995,5.0504247499999995
1788962428.381454,4.173,0.0,-19.94309443060029,0,0,189,,,,,,,,,,,,,,,,,,,,,,,,,,,,,,,,,8,4,4,0.0,-22,171,True,True,False,"A:1,B:1,ESTOP:0,MODE:1",DRIVE_DONE,,,,,,,,,,36.967605545,127.87259084,121.911,2,0.00012995999999999998,36.96760595711382,127.87259403862097,4.0,0.05214835777282715,1.0,0.0,0.0814967155456543,0.28816553143580015,12.93425304610479,8.35652210750429,0.0,0.0,0.0,-0.44216280134673197,0.21852353621562196,0.8018252088187143,0.3373660559805259,-0.5138598383721705,0.014590952546672595,0.35129987184141864,-8.7279185,1.30428445,6.6587153500000005
1788962428.431460,4.223,0.0,-19.94309443060029,0,0,189,,,,,,,,,,,,,,,,,,,,,,,,,,,,,,,,,8,4,4,0.0,-22,171,True,True,False,"A:1,B:1,ESTOP:0,MODE:1",DRIVE_DONE,,,,,,,,,,36.967605545,127.87259084,121.911,2,0.00012995999999999998,36.967606246081964,127.87259599329111,4.0,0.07714869155883788,1.0,0.0,0.13149738311767578,0.46493870900383344,12.93425304610479,8.35652210750429,0.0,0.0,0.0,-0.4450440422219589,0.21112708885357773,0.8072723173526021,0.3250731586445003,-0.5529377603243235,0.011187560505283653,0.3372150647778244,-7.83551335,-2.7948952499999997,5.4721107
1788962428.481453,4.273,0.0,-19.94309443060029,0,0,189,,,,,,,,,,,,,,,,,,,,,,,,,,,,,,,,,7,3,4,0.0,-22,172,True,True,False,"A:1,B:1,ESTOP:0,MODE:1",DRIVE_DONE,,,,,,,,,,36.967607244999996,127.87259831666667,121.917,2,0.00012544000000000005,36.967607244999996,127.87259831666667,4.0,0.011200000000000002,1.0,1.0,0.0,0.0,12.910726297206514,15.885398388626763,0.0,0.0,0.0,-0.44763687590496753,0.19909979741377437,0.8129690419042899,0.31474090122679566,-0.5442460206493918,0.03769911184307752,0.3784048351248906,-7.521700549999999,-1.7357770499999998,5.88399
1788962428.531460,4.323,0.0,-19.94309443060029,0,0,189,,,,,,,,,,,,,,,,,,,,,,,,,,,,,,,,,7,3,4,0.0,-22,172,True,True,False,"A:1,B:1,ESTOP:0,MODE:1",DRIVE_DONE,,,,,,,,,,36.967607244999996,127.87259831666667,121.917,2,0.00012544000000000005,36.96760744042405,127.87259916080143,4.0,0.023832012367248537,1.0,0.0,0.02526402473449707,0.07816689252853393,12.910726297206514,15.885398388626763,0.0,0.0,0.0,-0.4503599134048965,0.19253857973782834,0.818180799045615,0.30113954204579846,-0.5187816668627945,0.03920009499979264,0.36678094230660835,-8.237585999999999,-1.8142302499999998,6.923494899999999
1788962428.581453,4.373,0.0,-19.94309443060029,0,0,189,,,,,,,,,,,,,,,,,,,,,,,,,,,,,,,,,7,3,4,0.0,-22,172,True,True,False,"A:1,B:1,ESTOP:0,MODE:1",DRIVE_DONE,,,,,,,,,,36.967607244999996,127.87259831666667,121.917,2,0.00012544000000000005,36.96760784588608,127.87260082497772,4.0,0.04883902187347412,1.0,0.0,0.07527804374694824,0.232905212672964,12.910726297206514,15.885398388626763,0.0,0.0,0.0,-0.452748699098413,0.18566468219006182,0.8232073759693994,0.28788340938917256,-0.5152561017737659,0.008011061266653973,0.3748618167433421,-8.6886919,-3.1577413,5.874183349999999
1788962428.631455,4.423,0.0,-19.94309443060029,0,0,189,,,,,,,,,,,,,,,,,,,,,,,,,,,,,,,,,7,3,4,0.0,-22,172,True,True,False,"A:1,B:1,ESTOP:0,MODE:1",DRIVE_DONE,,,,,,,,,,36.967607244999996,127.87259831666667,121.917,2,0.00012544000000000005,36.96760827582075,127.87260247902408,4.0,0.07383947486877442,1.0,0.0,0.12527894973754883,0.3875829427756488,12.910726297206514,15.885398388626763,0.0,0.0,0.0,-0.4532093362491983,0.178752146448723,0.829289377403391,0.27372996949992784,-0.5214345673258259,0.011065387457644049,0.3314554782462431,-7.93357985,-1.7848102999999997,5.6682437
1788962428.681450,4.473,0.0,-19.94309443060029,0,0,189,,,,,,,,,,,,,,,,,,,,,,,,,,,,,,,,,7,3,4,0.0,-22,171,True,True,False,"A:1,B:1,ESTOP:0,MODE:1",DRIVE_DONE,,,,,,,,,,36.967609536666664,127.872605155,121.934,2,0.00012544000000000005,36.967609536666664,127.872605155,4.0,0.011200000000000002,1.0,1.0,0.0,0.0,12.104984060219854,22.75502436765102,0.0,0.0,0.0,-0.45594933769914187,0.16558662819220712,0.8338431888720071,0.2634327359828538,-0.5575279762570686,0.03600614246864302,0.3886848244191372,-8.6886919,-2.10842975,5.42307745
1788962428.731459,4.523,0.0,-19.94309443060029,0,0,189,,,,,,,,,,,,,,,,,,,,,,,,,,,,,,,,,7,3,4,0.0,-22,172,True,True,False,"A:1,B:1,ESTOP:0,MODE:1",DRIVE_DONE,,,,,,,,,,36.967609536666664,127.872605155,121.934,2,0.00012544000000000005,36.96760986856834,127.8726061291945,4.0,0.026422191810607912,1.0,0.0,0.03044438362121582,0.09419492292404175,12.104984060219854,22.75502436765102,0.0,0.0,0.0,-0.4579731853600143,0.15855153508972422,0.8384586196448798,0.24921700454643295,-0.5325697679535497,-0.00019198621771937625,0.3823667325269177,-8.316039199999999,-1.22583125,3.8442068
1788962428.781466,4.573,0.0,-19.94309443060029,0,0,189,,,,,,,,,,,,,,,,,,,,,,,,,,,,,,,,,7,3,4,0.0,-22,172,True,True,False,"A:1,B:1,ESTOP:0,MODE:1",DRIVE_DONE,,,,,,,,,,36.967609536666664,127.872605155,121.934,2,0.00012544000000000005,36.96761043367156,127.87260771920106,4.0,0.051434804153442384,1.0,0.0,0.08046960830688477,0.24896595146250763,12.104984060219854,22.75502436765102,0.0,0.0,0.0,-0.45987891436803785,0.1513433842276522,0.8427814566210355,0.2352147540991458,-0.551576403507768,0.0376118453804778,0.3526263220729344,-7.9041599,-0.6668522,4.99158485
1788962428.831479,4.623,0.0,-19.94309443060029,0,0,189,,,,,,,,,,,,,,,,,,,,,,,,,,,,,,,,,7,3,4,0.0,-22,172,True,True,False,"A:1,B:1,ESTOP:0,MODE:1",DRIVE_DONE,,,,,,,,,,36.967609536666664,127.872605155,121.934,2,0.00012544000000000005,36.967611021684135,127.87260929502386,4.0,0.07643287296295166,1.0,0.0,0.13046574592590332,0.4036259814427117,12.104984060219854,22.75502436765102,0.0,0.0,0.0,-0.46421195499676376,0.13774882347430603,0.8455878972227576,0.22475237604955756,-0.5293583621298801,0.03799581781591656,0.3836408228808736,-8.46313895,-1.22583125,5.5113373
1788962428.881455,4.673,0.0,-19.94309443060029,0,0,190,,,,,,,,,,,,,,,,,,,,,,,,,,,,,,,,,7,3,4,0.0,-22,172,True,True,False,"A:1,B:1,ESTOP:0,MODE:1",DRIVE_DONE,,,,,,,,,,36.96761242833333,127.87261131333334,121.95500000000001,2,0.00012544000000000005,36.96761242833333,127.87261131333334,4.0,0.011200000000000002,1.0,1.0,0.0,0.0,11.66832015172574,30.442514818970643,0.0,0.0,0.0,-0.46664263374451,0.12983259752616094,0.8491043413775006,0.21073672305860233,-0.5560269931003535,0.0226543736908864,0.36203364674118377,-8.414105699999999,-1.0493115499999999,5.599597149999999
1788962428.931481,4.723,0.0,-19.94309443060029,0,0,192,,,,,,,,,,,,,,,,,,,,,,,,,,,,,,,,,7,3,4,0.0,-22,172,True,True,False,"A:1,B:1,ESTOP:0,MODE:1",DRIVE_DONE,,,,,,,,,,36.96761242833333,127.87261131333334,121.95500000000001,2,0.00012544000000000005,36.96761280697848,127.87261211088816,4.0,0.02453451271057129,1.0,0.0,0.026669025421142578,0.08251396465301514,11.66832015172574,30.442514818970643,0.0,0.0,0.0,-0.46872182617092023,0.12259956631578911,0.8522898913347592,0.19715764539769268,-0.5316098368649528,0.024085543677521744,0.3468143756637932,-7.8060934,-1.3925442999999997,3.8442068
1788962428.981452,4.773,0.0,-19.94309443060029,0,0,191,,,,,,,,,,,,,,,,,,,,,,,,,,,,,,,,,7,3,4,0.0,-22,171,True,True,False,"A:1,B:1,ESTOP:0,MODE:1",DRIVE_DONE,,,,,,,,,,36.96761242833333,127.87261131333334,121.95500000000001,2,0.00012544000000000005,36.967613532819506,127.87261359380877,4.0,0.049530554962158205,1.0,0.0,0.0766611099243164,0.23718457332045415,11.66832015172574,30.442514818970643,0.0,0.0,0.0,-0.470122320229039,0.11479558196085991,0.8555080342056648,0.18415477673492933,-0.46509533907144895,-0.02150245638457014,0.37205183664763125,-9.747810099999999,-0.04903325,4.834678449999999
1788962429.031482,4.823,0.0,-19.94309443060029,0,0,191,,,,,,,,,,,,,,,,,,,,,,,,,,,,,,,,,7,3,4,0.0,-22,171,True,True,False,"A:1,B:1,ESTOP:0,MODE:1",DRIVE_DONE,,,,,,,,,,36.96761242833333,127.87261131333334,121.95500000000001,2,0.00012544000000000005,36.96761428034162,127.87261506114703,4.0,0.07454340572357178,1.0,0.0,0.12668681144714355,0.391940026360318,11.66832015172574,30.442514818970643,0.0,0.0,0.0,-0.47108486745738154,0.1078742732242455,0.8583643833875702,0.17219980882880984,-0.4356341812977847,-0.02506292805863857,0.31295498817510325,-7.9041599,-3.2754211,4.658158749999999
1788962429.081473,4.873,0.0,-19.94309443060029,0,0,205,,,,,,,,,,,,,,,,,,,,,,,,,,,,,,,,,7,3,4,0.0,-21,171,True,True,False,"A:1,B:1,ESTOP:0,MODE:1",DRIVE_DONE,,,,,,,,,,36.96761242833333,127.87261131333334,121.95500000000001,2,0.00012544000000000005,36.96761504697059,127.87261651062335,4.0,0.09952824230194092,1.0,0.0,0.17665648460388184,0.5464934596552325,11.66832015172574,30.442514818970643,0.0,0.0,0.0,-0.4719104229145745,0.10246584643175694,0.8607382297453823,0.1610310619551292,-0.3730815809063079,0.03214896482173555,0.27523842303950574,-8.7279185,-0.3138128,5.07003805
1788962429.131465,4.923,0.0,-19.94309443060029,0,0,272,,,,,,,,,,,,,,,,,,,,,,,,,,,,,,,,,7,3,4,0.0,-21,172,True,True,False,"A:1,B:1,ESTOP:0,MODE:1",DRIVE_DONE,,,,,,,,,,36.96761588166667,127.87261668833334,121.98500000000001,2,0.00012544000000000005,36.96761588166667,127.87261668833334,4.0,0.011200000000000002,1.0,1.0,0.0,0.0,10.837055086483803,38.80382305346726,0.0,0.0,0.0,-0.47308405009026894,0.09756448668794594,0.8624914328577812,0.1509343590254951,-0.3720692899401512,0.01691224045182505,0.24385740308864773,-8.208166049999999,-0.22555294999999997,5.32501095
1788962429.181456,4.973,0.0,-19.94309443060029,0,0,446,,,,,,,,,,,,,,,,,,,,,,,,,,,,,,,,,7,3,4,0.0,-19,172,True,True,False,"A:1,B:1,ESTOP:0,MODE:1",DRIVE_DONE,,,,,,,,,,36.96761588166667,127.87261668833334,121.98500000000001,2,0.00012544000000000005,36.96761705567993,127.8726184855052,4.0,0.04456620330810547,1.0,0.0,0.06673240661621094,0.20647006607055662,10.837055086483803,38.80382305346726,0.0,0.0,0.0,-0.47389381383667495,0.09240531073932977,0.8640948458939779,0.14221817413383403,-0.3218038074827145,0.02453932928304027,0.20612338466053032,-6.962721499999999,0.5687857,6.32528925
1788962429.231455,5.023,0.0,-19.94309443060029,0,0,586,,,,,,,,,,,,,,,,,,,,,,,,,,,,,,,,,7,3,4,0.0,-19,172,True,True,False,"A:1,B:1,ESTOP:0,MODE:1",DRIVE_DONE,,,,,,,,,,36.96761588166667,127.87261668833334,121.98500000000001,2,0.00012544000000000005,36.96761794996162,127.87261981792473,4.0,0.06957786197662354,1.0,0.0,0.11675572395324707,0.3612343953279679,10.837055086483803,38.80382305346726,0.0,0.0,0.0,-0.4751916804636417,0.08745608135843098,0.8651625381161765,0.13430593170795926,-0.3352253894305509,0.015079644737231007,0.204988920646734,-9.747810099999999,-3.7363336499999997,6.089929649999999
1788962429.281460,5.073,0.0,-19.94309443060029,0,0,804,,,,,,,,,,,,,,,,,,,,,,,,,,,,,,,,,7,3,4,0.0,-19,172,True,True,False,"A:1,B:1,ESTOP:0,MODE:1",DRIVE_DONE,,,,,,,,,,36.96761588166667,127.87261668833334,121.98500000000001,2,0.00012544000000000005,36.96761885456518,127.87262113793126,4.0,0.09457366580963135,1.0,0.0,0.1667473316192627,0.5158911246656314,10.837055086483803,38.80382305346726,0.0,0.0,0.0,-0.4745874971524734,0.08340585761523116,0.8671539319906275,0.1259135762942704,-0.29112091923265415,-0.07599163563183312,0.19134044589613833,-6.46258235,0.6276256,8.85540495
1788962429.331460,5.123,0.0,-19.94309443060029,0,0,858,,,,,,,,,,,,,,,,,,,,,,,,,,,,,,,,,7,3,4,0.0,-19,172,True,True,False,"A:1,B:1,ESTOP:0,MODE:1",DRIVE_DONE,,,,,,,,,,36.96761981666667,127.87262173333333,121.936,2,0.00012544000000000005,36.96761981666667,127.87262173333333,4.0,0.011200000000000002,1.0,1.0,0.0,0.0,11.020904089324048,44.310745427978894,0.0,0.0,0.0,-0.472136719457656,0.07723826303197545,0.8699340111340421,0.1197329743045021,-0.26995007540596294,0.012740903539558606,0.16598081186466074,-3.1969678999999998,-1.8436502,9.03192465
1788962429.381459,5.173,0.0,-19.94309443060029,0,0,863,,,,,,,,,,,,,,,,,,,,,,,,,,,,,,,,,6,3,3,0.0,-19,173,True,True,False,"A:1,B:1,ESTOP:0,MODE:1",DRIVE_DONE,,,,,,,,,,36.96761981666667,127.87262173333333,121.936,2,0.00012544000000000005,36.967621221593774,127.87262351318908,4.0,0.04716150875091553,1.0,0.0,0.07192301750183105,0.22252981615066528,11.020904089324048,44.310745427978894,0.0,0.0,0.0,-0.47073571540541276,0.07297881930870821,0.8718783338112228,0.11362283751353497,-0.20678660977628818,0.014887658519511631,0.14707889606556215,-5.32501095,1.0493115499999999,8.845598299999999
1788962429.431479,5.223,0.0,-19.94309443060029,0,0,864,,,,,,,,,,,,,,,,,,,,,,,,,,,,,,,,,5,2,3,0.0,-19,174,True,True,False,"A:1,B:1,ESTOP:0,MODE:1",DRIVE_DONE,,,,,,,,,,36.96761981666667,127.87262173333333,121.936,2,0.00012544000000000005,36.96762206668246,127.87262456334942,4.0,0.07215540523529053,1.0,0.0,0.12191081047058105,0.3550935789787503,11.020904089324048,44.310745427978894,0.0,0.0,0.0,-0.47118368300463853,0.06969790226062328,0.872553026009301,0.10853274203052916,-0.21596704164177835,-0.028693212902786775,0.1056971395007766,-6.20760945,0.0784532,10.9638347
1788962429.481660,5.273,0.0,-19.94309443060029,0,0,864,,,,,,,,,,,,,,,,,,,,,,,,,,,,,,,,,5,2,3,0.0,-19,174,True,True,False,"A:1,B:1,ESTOP:0,MODE:1",DRIVE_DONE,,,,,,,,,,36.96762328333333,127.87262595333334,121.86000000000001,2,0.00012544000000000005,36.96762277533323,127.87262543290512,4.0,0.09714954013824463,1.0,0.0,0.17189908027648926,0.4655612168848597,11.020904089324048,44.310745427978894,0.0,0.0,0.0,-0.4711843739007179,0.06671171016863475,0.8733560081858591,0.10384660073312868,-0.17221163729428052,-0.007766715171374766,0.11922344120373266,-4.511059,-0.45110589999999995,10.806928300000001
1788962429.531454,5.323,0.0,-19.94309443060029,0,0,864,,,,,,,,,,,,,,,,,,,,,,,,,,,,,,,,,4,2,2,0.0,-19,173,True,True,False,"A:1,B:1,ESTOP:0,MODE:1",DRIVE_DONE,,,,,,,,,,36.96762328333333,127.87262595333334,121.86000000000001,2,0.00012544000000000005,36.96762328333333,127.87262595333334,4.0,0.011200000000000002,1.0,1.0,0.0,0.0,10.662250543731469,45.79583087073388,0.0,0.0,0.0,-0.4719999713705354,0.0646244049740726,0.8735777185971244,0.09950720013448364,-0.11667526049582093,0.025499260371637154,0.1048942880448592,-5.8055368,1.9417167,9.0613446
1788962429.581452,5.373,0.0,-19.94309443060029,0,0,864,,,,,,,,,,,,,,,,,,,,,,,,,,,,,,,,,4,2,2,0.0,-19,173,True,True,False,"A:1,B:1,ESTOP:0,MODE:1",DRIVE_DONE,,,,,,,,,,36.96762328333333,127.87262595333334,121.86000000000001,2,0.00012544000000000005,36.967624121004015,127.8726269652221,4.0,0.047850538444519045,1.0,0.0,0.07330107688903809,0.12959630393981933,10.662250543731469,45.79583087073388,0.0,0.0,0.0,-0.47245971537433706,0.06290856657227933,0.8737902358615329,0.09651400578811382,-0.07536331710111514,0.0064053583548191895,0.04160864936754481,-5.97224985,1.4415775499999999,7.71783355
1788962429.631464,5.423,0.0,-19.94309443060029,0,0,864,,,,,,,,,,,,,,,,,,,,,,,,,,,,,,,,,3,1,2,0.0,-19,173,True,True,False,"A:1,B:1,ESTOP:0,MODE:1",DRIVE_DONE,,,,,,,,,,36.96762328333333,127.87262595333334,121.86000000000001,2,0.00012544000000000005,36.96762469505069,127.87262765191173,4.0,0.07284920330047608,1.0,0.0,0.12329840660095215,0.21799095595577417,10.662250543731469,45.79583087073388,0.0,0.0,0.0,-0.4703428321637281,0.06090719352094156,0.8752964443276966,0.0944672882901656,-0.11618656830526251,-0.0064228116473391324,0.06656685767106373,-3.5598139499999997,0.30400615,9.81645665
1788962429.681455,5.473,0.0,-19.94309443060029,0,0,864,,,,,,,,,,,,,,,,,,,,,,,,,,,,,,,,,2,1,1,0.0,-19,173,True,True,False,"A:1,B:1,ESTOP:0,MODE:1",DRIVE_DONE,,,,,,,,,,36.96762547,127.872628255,121.84200000000001,2,0.00012544000000000005,36.96762547,127.872628255,4.0,0.011200000000000002,1.0,1.0,0.0,0.0,7.906150033971881,49.936337517347255,0.0,0.0,0.0,-0.47069024111053087,0.059900342676331694,0.8754423179243872,0.0919967056896313,-0.0870744763819971,-0.02282890661608583,0.06368706440527308,-5.16810455,0.8924051499999999,8.845598299999999
1788962429.731493,5.523,0.0,-19.94309443060029,0,0,864,,,,,,,,,,,,,,,,,,,,,,,,,,,,,,,,,2,1,1,0.0,-19,173,True,True,False,"A:1,B:1,ESTOP:0,MODE:1",DRIVE_DONE,,,,,,,,,,36.96762547,127.872628255,121.84200000000001,2,0.00012544000000000005,36.96762566593799,127.87262846081354,4.0,0.027305890274047853,1.0,0.0,0.0322117805480957,0.028475214004516605,7.906150033971881,49.936337517347255,0.0,0.0,0.0,-0.4707273840031138,0.05940562949578211,0.8756310389161939,0.09031602748317498,-0.052796209872828466,0.0016929693744344998,0.02588323280707591,-6.69794195,-0.5295591,11.73856005
1788962429.781459,5.573,0.0,-19.94309443060029,0,0,864,,,,,,,,,,,,,,,,,,,,,,,,,,,,,,,,,2,1,1,0.0,-19,173,True,True,False,"A:1,B:1,ESTOP:0,MODE:1",DRIVE_DONE,,,,,,,,,,36.96762547,127.872628255,121.84200000000001,2,0.00012544000000000005,36.967625970601866,127.87262877974719,4.0,0.052313853454589845,1.0,0.0,0.08222770690917969,0.07268926866778547,7.906150033971881,49.936337517347255,0.0,0.0,0.0,-0.4704964640454318,0.0590499632033748,0.8758129263243845,0.08998831729476918,0.030159289474462014,-0.05230751768227006,-0.0060911990894602095,-5.03081145,-0.25497289999999995,7.982613099999999
1788962429.831458,5.623,0.0,-19.94309443060029,0,0,864,,,,,,,,,,,,,,,,,,,,,,,,,,,,,,,,,1,0,1,0.0,-19,173,True,True,False,"A:1,B:1,ESTOP:0,MODE:1",DRIVE_DONE,,,,,,,,,,36.96762547,127.872628255,121.84200000000001,2,0.00012544000000000005,36.967626275070785,127.87262909815621,4.0,0.07729547138214111,1.0,0.0,0.13219094276428223,0.11685675098059749,7.906150033971881,49.936337517347255,0.0,0.0,0.0,-0.4705481440660771,0.05908219888062238,0.8757872250001506,0.08994706453207227,-0.019931660057775243,0.013194689145077132,-0.0002617993877991494,-5.26617105,1.3337044,9.571290399999999
1788962429.881479,5.673,0.0,-19.94309443060029,0,0,864,,,,,,,,,,,,,,,,,,,,,,,,,,,,,,,,,0,0,0,0.0,-19,173,True,True,False,"A:1,B:1,ESTOP:0,MODE:1",DRIVE_DONE,,,,,,,,,,36.96762547,127.872628255,121.84200000000001,2,0.00012544000000000005,36.96762642751022,127.8726292576265,4.0,0.10231404418945313,1.0,0.0,0.18222808837890625,0.1389731664580619,7.906150033971881,49.936337517347255,0.0,0.0,0.0,-0.47218097999148045,0.05947221021137441,0.8748621756943012,0.09013518672689795,0.005777039824101231,0.09831439676484058,0.0067369709126981125,-7.85512665,0.48052585,5.6780503499999995
1788962429.931510,5.723,0.0,-19.94309443060029,0,0,864,,,,,,,,,,,,,,,,,,,,,,,,,,,,,,,,,0,0,0,0.0,-19,173,True,True,False,"A:1,B:1,ESTOP:0,MODE:1",DRIVE_DONE,,,,,,,,,,36.967626106666664,127.87262912666667,121.858,2,0.00012544000000000005,36.967626106666664,127.87262912666667,4.0,0.011200000000000002,1.0,1.0,0.0,0.0,3.7687829208145094,49.936337517347255,0.0,0.0,0.0,-0.47514922546827404,0.06065349068262027,0.8732139252577739,0.0897318691481647,0.00788888821901437,0.027925268031909273,-0.004607669225265031,-12.05237285,0.97085835,4.1776329
1788962429.981458,5.773,0.0,-19.94309443060029,0,0,863,,,,,,,,,,,,,,,,,,,,,,,,,,,,,,,,,0,0,0,0.0,-19,172,True,True,False,"A:1,B:1,ESTOP:0,MODE:1",DRIVE_DONE,,,,,,,,,,36.967626106666664,127.87262912666667,121.858,2,0.00012544000000000005,36.967626106666664,127.87262912666667,4.0,0.04608898277282715,1.0,0.0,0.0697779655456543,0.0,3.7687829208145094,49.936337517347255,0.0,0.0,0.0,-0.4747726526014096,0.06059162348024328,0.8733931795626719,0.09002187178267315,0.010489428804485921,-0.03576179637336381,1.7453292519943296e-05,-8.7671451,0.40207265,4.8640984
1788962430.031462,5.823,0.0,-19.94309443060029,0,0,863,,,,,,,,,,,,,,,,,,,,,,,,,,,,,,,,,0,0,0,0.0,-19,173,True,True,False,"A:1,B:1,ESTOP:0,MODE:1",DRIVE_DONE,,,,,,,,,,36.967626106666664,127.87262912666667,121.858,2,0.00012544000000000005,36.967626106666664,127.87262912666667,4.0,0.07108442897796631,1.0,0.0,0.11976885795593262,0.0,3.7687829208145094,49.936337517347255,0.0,0.0,0.0,-0.47390729936694626,0.06067713087710505,0.8738788336409448,0.08981058684582818,-0.004642575810304917,-0.024399702942880727,0.010611601852125523,-7.3353741999999995,0.9610517,5.825150099999999
1788962430.081456,5.873,0.0,-19.94309443060029,0,0,864,,,,,,,,,,,,,,,,,,,,,,,,,,,,,,,,,0,0,0,0.0,-19,173,True,True,False,"A:1,B:1,ESTOP:0,MODE:1",DRIVE_DONE,,,,,,,,,,36.967626106666664,127.87262912666667,121.858,2,0.00012544000000000005,36.967626106666664,127.87262912666667,4.0,0.09608786220550537,1.0,0.0,0.16977572441101074,0.0,3.7687829208145094,49.936337517347255,0.0,0.0,0.0,-0.4733379214292719,0.06077751219469951,0.8741887880663438,0.0897288636255714,-0.0006457718232379018,0.0019024088846738192,-0.007661995416255106,-7.296147599999999,0.81395195,6.01147645
1788962430.131460,5.923,0.0,-19.94309443060029,0,0,864,,,,,,,,,,,,,,,,,,,,,,,,,,,,,,,,,0,0,0,0.0,-19,172,True,True,False,"A:1,B:1,ESTOP:0,MODE:1",DRIVE_DONE,,,,,,,,,,36.96762599666667,127.872628885,121.85,2,0.00012544000000000005,36.96762599666667,127.872628885,4.0,0.011200000000000002,1.0,1.0,0.0,0.0,0.7058466019733346,49.936337517347255,0.0,0.0,0.0,-0.4735539784459741,0.06268549792409508,0.8740278929429764,0.08883918170300176,0.014887658519511631,0.029426251188624394,-0.0045029494701453706,-8.36507245,0.26477955,5.1779112
1788962430.181454,5.973,0.0,-19.94309443060029,0,0,864,,,,,,,,,,,,,,,,,,,,,,,,,,,,,,,,,0,0,0,0.0,-19,173,True,True,False,"A:1,B:1,ESTOP:0,MODE:1",DRIVE_DONE,,,,,,,,,,36.96762599666667,127.872628885,121.85,2,0.00012544000000000005,36.96762599666667,127.872628885,4.0,0.04550283069610596,1.0,0.0,0.06860566139221191,0.0,0.7058466019733346,49.936337517347255,0.0,0.0,0.0,-0.4742368257337662,0.06324570767350116,0.8736571860120145,0.08844509544575065,0.0017278759594743863,-0.002827433388230814,-0.0011693705988362008,-9.0417313,0.83356525,4.648352099999999
1788962430.231464,6.023,0.0,-19.94309443060029,0,0,863,,,,,,,,,,,,,,,,,,,,,,,,,,,,,,,,,0,0,0,0.0,-19,172,True,True,False,"A:1,B:1,ESTOP:0,MODE:1",DRIVE_DONE,,,,,,,,,,36.96762599666667,127.872628885,121.85,2,0.00012544000000000005,36.96762599666667,127.872628885,4.0,0.07048993225097656,1.0,0.0,0.11857986450195312,0.0,0.7058466019733346,49.936337517347255,0.0,0.0,0.0,-0.47383694012234084,0.06472300601931093,0.8738428520399837,0.08768213390394183,-0.007120943348136864,-0.006056292504420323,0.006719517620178169,-8.119906199999999,0.5491724,5.3740442
1788962430.281460,6.073,0.0,-19.94309443060029,0,0,863,,,,,,,,,,,,,,,,,,,,,,,,,,,,,,,,,0,0,0,0.0,-19,172,True,True,False,"A:1,B:1,ESTOP:0,MODE:1",DRIVE_DONE,,,,,,,,,,36.96762603,127.87262897666666,121.85400000000001,2,0.00012544000000000005,36.96762603,127.87262897666666,4.0,0.011200000000000002,1.0,1.0,0.0,0.0,0.1475027496205905,49.936337517347255,0.0,0.0,0.0,-0.4736171639908015,0.06479028039889709,0.8739613171316054,0.08763913336365337,0.003525565089028546,0.0009773843811168245,0.007033676885537149,-7.83551335,0.83356525,5.579983849999999
1788962430.331455,6.123,0.0,-19.94309443060029,0,0,863,,,,,,,,,,,,,,,,,,,,,,,,,,,,,,,,,0,0,0,0.0,-19,173,True,True,False,"A:1,B:1,ESTOP:0,MODE:1",DRIVE_DONE,,,,,,,,,,36.96762603,127.87262897666666,121.85400000000001,2,0.00012544000000000005,36.96762603,127.87262897666666,4.0,0.027816225242614748,1.0,0.0,0.03323245048522949,0.0,0.1475027496205905,49.936337517347255,0.0,0.0,0.0,-0.47333822318239693,0.06594265939362491,0.8740871883210758,0.0870291868259379,0.006003932626860493,0.01069886831472524,0.0026354471705114374,-8.3552658,0.8433718999999998,5.3348176
1788962430.381512,6.173,0.0,-19.94309443060029,0,0,863,,,,,,,,,,,,,,,,,,,,,,,,,,,,,,,,,0,0,0,0.0,-19,172,True,True,False,"A:1,B:1,ESTOP:0,MODE:1",DRIVE_DONE,,,,,,,,,,36.96762603,127.87262897666666,121.85400000000001,2,0.00012544000000000005,36.96762603,127.87262897666666,4.0,0.05281190986633301,1.0,0.0,0.08322381973266602,0.0,0.1475027496205905,49.936337517347255,0.0,0.0,0.0,-0.4734767489978074,0.06591527156496249,0.8740072746740386,0.08709896067028723,0.00015707963267948965,-0.0037175513067479217,-0.00614355896702004,-8.71811185,0.57859235,5.1975245
1788962430.431477,6.223,0.0,-19.94309443060029,0,0,862,,,,,,,,,,,,,,,,,,,,,,,,,,,,,,,,,0,0,0,0.0,-19,172,True,True,False,"A:1,B:1,ESTOP:0,MODE:1",DRIVE_DONE,,,,,,,,,,36.96762603,127.87262897666666,121.85400000000001,2,0.00012544000000000005,36.96762603,127.87262897666666,4.0,0.07781379337310791,1.0,0.0,0.13322758674621582,0.0,0.1475027496205905,49.936337517347255,0.0,0.0,0.0,-0.47348919434866354,0.06633723235203007,0.873997522441827,0.0868083245113862,0.00481710873550435,0.0028623399732707008,-0.002478367537831948,-8.051259649999999,0.6080123,5.26617105
1788962430.481458,6.273,0.0,-19.94309443060029,0,0,860,,,,,,,,,,,,,,,,,,,,,,,,,,,,,,,,,0,0,0,0.0,-19,173,True,True,False,"A:1,B:1,ESTOP:0,MODE:1",DRIVE_DONE,,,,,,,,,,36.96762610166667,127.87262890666666,121.846,2,0.00012544000000000005,36.96762610166667,127.87262890666666,4.0,0.011200000000000002,1.0,1.0,0.0,0.0,0.10961090062087084,49.936337517347255,0.0,0.0,0.0,-0.473023508606353,0.0666263763138298,0.8742399607770891,0.08668435421399392,0.009494591130849153,0.0016057029118347831,0.0029146998508305304,-8.031646349999999,0.5982056499999999,5.550563899999999
1788962430.531478,6.323,0.0,-19.94309443060029,0,0,858,,,,,,,,,,,,,,,,,,,,,,,,,,,,,,,,,0,0,0,0.0,-19,172,True,True,False,"A:1,B:1,ESTOP:0,MODE:1",DRIVE_DONE,,,,,,,,,,36.96762610166667,127.87262890666666,121.846,2,0.00012544000000000005,36.96762610166667,127.87262890666666,4.0,0.02594452018737793,1.0,0.0,0.02948904037475586,0.0,0.10961090062087084,49.936337517347255,0.0,0.0,0.0,-0.4729906705146354,0.06738143512289965,0.8742395819654041,0.08628279742712161,0.0012740903539558606,0.0024260076602721182,0.000767944870877505,-8.44352565,0.7943386499999999,5.3936575
1788962430.581473,6.373,0.0,-19.94309443060029,0,0,855,,,,,,,,,,,,,,,,,,,,,,,,,,,,,,,,,0,0,0,0.0,-19,172,True,True,False,"A:1,B:1,ESTOP:0,MODE:1",DRIVE_DONE,,,,,,,,,,36.96762610166667,127.87262890666666,121.846,2,0.00012544000000000005,36.96762610166667,127.87262890666666,4.0,0.05096261615753174,1.0,0.0,0.07952523231506348,0.0,0.10961090062087084,49.936337517347255,0.0,0.0,0.0,-0.4734012969386765,0.06808900795531339,0.8740020477746758,0.08588084500116033,0.006579891280018622,-0.006597344572538566,-0.008796459430051421,-8.482752249999999,0.73549875,5.1582979
1788962430.631458,6.423,0.0,-19.94309443060029,0,0,850,,,,,,,,,,,,,,,,,,,,,,,,,,,,,,,,,0,0,0,0.0,-19,173,True,True,False,"A:1,B:1,ESTOP:0,MODE:1",DRIVE_DONE,,,,,,,,,,36.96762610166667,127.87262890666666,121.846,2,0.00012544000000000005,36.96762610166667,127.87262890666666,4.0,0.07596712226867676,1.0,0.0,0.12953424453735352,0.0,0.10961090062087084,49.936337517347255,0.0,0.0,0.0,-0.4727914013816056,0.06930768100975858,0.8742996747670527,0.08523388313864885,0.006335545184739416,0.007138396640656807,0.0036477381366681488,-8.041452999999999,0.5982056499999999,5.295591
1788962430.681454,6.473,0.0,-19.94309443060029,0,0,834,,,,,,,,,,,,,,,,,,,,,,,,,,,,,,,,,0,0,0,0.0,-19,172,True,True,False,"A:1,B:1,ESTOP:0,MODE:1",DRIVE_DONE,,,,,,,,,,36.967626036666665,127.87262903,121.87,2,0.00012544000000000005,36.967626036666665,127.87262903,4.0,0.011200000000000002,1.0,1.0,0.0,0.0,0.04287847395592312,49.936337517347255,0.0,0.0,0.0,-0.47254040324719726,0.06969545377761815,0.8744285754704986,0.08498692500816002,-0.0031066860685499066,0.010088003076527224,0.0020245819323134223,-8.1787461,0.6472389,5.38385085
1788962430.731454,6.523,0.0,-19.94309443060029,0,0,824,,,,,,,,,,,,,,,,,,,,,,,,,,,,,,,,,0,0,0,0.0,-19,172,True,True,False,"A:1,B:1,ESTOP:0,MODE:1",DRIVE_DONE,,,,,,,,,,36.967626036666665,127.87262903,121.87,2,0.00012544000000000005,36.967626036666665,127.87262903,4.0,0.02627687568664551,1.0,0.0,0.030153751373291016,0.0,0.04287847395592312,49.936337517347255,0.0,0.0,0.0,-0.4721992358318301,0.0717637837075833,0.8745499944159288,0.08390559155923905,0.003525565089028546,0.007923794804054257,0.00013962634015954637,-8.26700595,0.784532,5.32501095
1788962430.781457,6.573,0.0,-19.94309443060029,0,0,818,,,,,,,,,,,,,,,,,,,,,,,,,,,,,,,,,0,0,0,0.0,-19,172,True,True,False,"A:1,B:1,ESTOP:0,MODE:1",DRIVE_DONE,,,,,,,,,,36.967626036666665,127.87262903,121.87,2,0.00012544000000000005,36.967626036666665,127.87262903,4.0,0.05126588459014893,1.0,0.0,0.08013176918029785,0.0,0.04287847395592312,49.936337517347255,0.0,0.0,0.0,-0.47237433972313964,0.07306985278698115,0.8744135958868526,0.08321143619143273,-0.0018151424220741027,0.011222467090323538,-0.010140362954087054,-8.16893945,0.6962721499999999,5.3544309
1788962430.831482,6.623,0.0,-19.94309443060029,0,0,817,,,,,,,,,,,,,,,,,,,,,,,,,,,,,,,,,0,0,0,0.0,-19,172,True,True,False,"A:1,B:1,ESTOP:0,MODE:1",DRIVE_DONE,,,,,,,,,,36.967626036666665,127.87262903,121.87,2,0.00012544000000000005,36.967626036666665,127.87262903,4.0,0.07625906581878662,1.0,0.0,0.13011813163757324,0.0,0.04287847395592312,49.936337517347255,0.0,0.0,0.0,-0.47211707150906373,0.07385748602324174,0.8745287643966384,0.08276462282232036,-0.0016755160819145565,0.00022689280275926284,0.004118977034706617,-8.149326149999998,0.63743225,5.1190713
1788962430.881469,6.673,0.0,-19.94309443060029,0,0,817,,,,,,,,,,,,,,,,,,,,,,,,,,,,,,,,,0,0,0,0.0,-19,172,True,True,False,"A:1,B:1,ESTOP:0,MODE:1",DRIVE_DONE,,,,,,,,,,36.967626036666665,127.87262903,121.87,2,0.00012544000000000005,36.967626036666665,127.87262903,4.0,0.10127394313812256,1.0,0.0,0.18014788627624512,0.0,0.04287847395592312,49.936337517347255,0.0,0.0,0.0,-0.47199808746705124,0.0740609391063299,0.874581115511214,0.08270825301803308,0.00932005820564972,0.0020420352248333657,-0.0004014257279586958,-8.159132799999998,0.65704555,5.20733115
1788962430.931461,6.723,0.0,-19.94309443060029,0,0,817,,,,,,,,,,,,,,,,,,,,,,,,,,,,,,,,,0,0,0,0.0,-19,172,True,True,False,"A:1,B:1,ESTOP:0,MODE:1",DRIVE_DONE,,,,,,,,,,36.96762605166667,127.872629045,121.87700000000001,2,0.00012544000000000005,36.96762605166667,127.872629045,4.0,0.011200000000000002,1.0,1.0,0.0,0.0,0.11841666419115086,49.936337517347255,0.0,0.0,0.0,-0.4720673256130292,0.07478463946810784,0.8745188969310449,0.08231887206889836,-0.003543018381548489,0.008325220532012952,-0.0033335788713091696,-8.09048625,0.67665885,5.2171378
1788962430.981517,6.773,0.0,-19.94309443060029,0,0,817,,,,,,,,,,,,,,,,,,,,,,,,,,,,,,,,,0,0,0,0.0,-19,173,True,True,False,"A:1,B:1,ESTOP:0,MODE:1",DRIVE_DONE,,,,,,,,,,36.96762605166667,127.872629045,121.87700000000001,2,0.00012544000000000005,36.96762605166667,127.872629045,4.0,0.045677949142456056,1.0,0.0,0.06895589828491211,0.0,0.11841666419115086,49.936337517347255,0.0,0.0,0.0,-0.4720973921144759,0.07554339761884522,0.8744741884261964,0.08192765840213556,0.005113814708343385,-0.011344640137963142,0.0010122909661567112,-8.208166049999999,0.7060787999999999,5.2171378
1788962431.031512,6.823,0.0,-19.94309443060029,0,0,817,,,,,,,,,,,,,,,,,,,,,,,,,,,,,,,,,0,0,0,0.0,-19,173,True,True,False,"A:1,B:1,ESTOP:0,MODE:1",DRIVE_DONE,,,,,,,,,,36.96762605166667,127.872629045,121.87700000000001,2,0.00012544000000000005,36.96762605166667,127.872629045,4.0,0.07067911739349365,1.0,0.0,0.1189582347869873,0.0,0.11841666419115086,49.936337517347255,0.0,0.0,0.0,-0.4723382182738257,0.076060420633428,0.8743243906390669,0.08165953651961318,-0.006946410422937432,0.0015707963267948964,0.007435102613495843,-8.09048625,0.61781895,5.1975245
1788962431.081479,6.873,0.0,-19.94309443060029,0,0,817,,,,,,,,,,,,,,,,,,,,,,,,,,,,,,,,,0,0,0,0.0,-19,173,True,True,False,"A:1,B:1,ESTOP:0,MODE:1",DRIVE_DONE,,,,,,,,,,36.96762605166667,127.872629045,121.87700000000001,2,0.00012544000000000005,36.96762605166667,127.872629045,4.0,0.09567897434234619,1.0,0.0,0.16895794868469238,0.0,0.11841666419115086,49.936337517347255,0.0,0.0,0.0,-0.472235969433769,0.0762818982566732,0.8743682946560027,0.0815741777259231,0.008360127117052838,0.0007330382858376184,0.009930923443847734,-8.061066299999998,0.7158854499999999,5.2759777
1788962431.131483,6.923,0.0,-19.94309443060029,0,0,816,,,,,,,,,,,,,,,,,,,,,,,,,,,,,,,,,0,0,0,0.0,-19,173,True,True,False,"A:1,B:1,ESTOP:0,MODE:1",DRIVE_DONE,,,,,,,,,,36.967626016666664,127.87262906666666,121.882,2,0.00012544000000000005,36.967626016666664,127.87262906666666,4.0,0.011200000000000002,1.0,1.0,0.0,0.0,0.03450749591981509,49.936337517347255,0.0,0.0,0.0,-0.4721557447121779,0.07654002639483133,0.8743992274519308,0.0814651344210129,0.00481710873550435,-0.005323254218582705,0.0051836278784231585,-8.149326149999998,0.6864655000000001,5.1779112
1788962431.181456,6.973,0.0,-19.94309443060029,0,0,813,,,,,,,,,,,,,,,,,,,,,,,,,,,,,,,,,0,0,0,0.0,-19,173,True,True,False,"A:1,B:1,ESTOP:0,MODE:1",DRIVE_DONE,,,,,,,,,,36.967626016666664,127.87262906666666,121.882,2,0.00012544000000000005,36.967626016666664,127.87262906666666,4.0,0.045294810485839845,1.0,0.0,0.06818962097167969,0.0,0.03450749591981509,49.936337517347255,0.0,0.0,0.0,-0.4721944735586365,0.07697288998888657,0.8743628269368068,0.08122315075467305,-0.007539822368615503,0.007906341511534314,-0.0031066860685499066,-8.208166049999999,0.57859235,5.22694445
1788962431.231466,7.023,0.0,-19.94309443060029,0,0,808,,,,,,,,,,,,,,,,,,,,,,,,,,,,,,,,,0,0,0,0.0,-19,173,True,True,False,"A:1,B:1,ESTOP:0,MODE:1",DRIVE_DONE,,,,,,,,,,36.967626016666664,127.87262906666666,121.882,2,0.00012544000000000005,36.967626016666664,127.87262906666666,4.0,0.07028799171447754,1.0,0.0,0.11817598342895508,0.0,0.03450749591981509,49.936337517347255,0.0,0.0,0.0,-0.4722904793705171,0.07727578245252653,0.8742976562422655,0.08107875696875369,0.0010821041362364843,-0.004206243497306334,0.00015707963267948965,-8.149326149999998,0.6080123,5.2367511
1788962431.281461,7.073,0.0,-19.94309443060029,0,0,756,,,,,,,,,,,,,,,,,,,,,,,,,,,,,,,,,0,0,0,0.0,-19,172,True,True,False,"A:1,B:1,ESTOP:0,MODE:1",DRIVE_DONE,,,,,,,,,,36.967626026666665,127.87262906,121.882,2,0.00012544000000000005,36.967626026666665,127.87262906,4.0,0.011200000000000002,1.0,1.0,0.0,0.0,0.028536116443795268,49.936337517347255,0.0,0.0,0.0,-0.47194834648299006,0.07740844394304157,0.8744780873846671,0.08099855395217168,0.012060225131280817,0.01619665545850738,0.00013962634015954637,-8.09048625,0.6472389,5.75650355
1788962431.331452,7.123,0.0,-19.94309443060029,0,0,756,,,,,,,,,,,,,,,,,,,,,,,,,,,,,,,,,0,0,0,0.0,-19,173,True,True,False,"A:1,B:1,ESTOP:0,MODE:1",DRIVE_DONE,,,,,,,,,,36.967626026666665,127.87262906,121.882,2,0.00012544000000000005,36.967626026666665,127.87262906,4.0,0.026016641807556154,1.0,0.0,0.029633283615112305,0.0,0.028536116443795268,49.936337517347255,0.0,0.0,0.0,-0.47196338961552403,0.07759391244707359,0.8744727862042495,0.08079040662082243,0.008185594191853406,0.001308996938995747,0.0036477381366681488,-8.237585999999999,0.6276256,5.2171378
1788962431.381467,7.173,0.0,-19.94309443060029,0,0,683,,,,,,,,,,,,,,,,,,,,,,,,,,,,,,,,,0,0,0,0.0,-19,172,True,True,False,"A:1,B:1,ESTOP:0,MODE:1",DRIVE_DONE,,,🛑 브레이크 시험 종료 — 런치를 내린다,,,,,,,36.967626026666665,127.87262906,121.882,2,0.00012544000000000005,36.967626026666665,127.87262906,4.0,0.05101339931488037,1.0,0.0,0.07962679862976074,0.0,0.028536116443795268,49.936337517347255,0.0,0.0,0.0,-0.47190045377078377,0.07763877843085167,0.8745050453784387,0.0807657564958579,0.0014660765716752368,-0.014556045961632708,-0.0006108652381980154,-8.1787461,0.5491724,5.099458
1788962431.431459,7.223,0.0,-19.94309443060029,0,0,549,,,,,,,,,,,,,,,,,,,,,,,,,,,,,,,,,0,0,0,0.0,-19,173,True,True,False,"A:1,B:1,ESTOP:0,MODE:1",DRIVE_DONE,,,,,,,,,,36.967626026666665,127.87262906,121.882,2,0.00012544000000000005,36.967626026666665,127.87262906,4.0,0.07600789184570313,1.0,0.0,0.12961578369140625,0.0,0.028536116443795268,49.936337517347255,0.0,0.0,0.0,-0.4717350029726435,0.07795959367924973,0.8745668198272651,0.08075435827861206,0.01033234917180643,0.011449359893082803,-0.00019198621771937625,-8.237585999999999,0.5883989999999999,5.38385085
1788962431.481453,7.273,0.0,-19.94309443060029,0,0,452,,,,,,,,,,,,,,,,,,,,,,,,,,,,,,,,,0,0,0,0.0,-19,173,True,True,False,"A:1,B:1,ESTOP:0,MODE:1",DRIVE_DONE,,,,,,,,,,36.967625985,127.87262902166667,121.892,2,0.00012544000000000005,36.967625985,127.87262902166667,4.0,0.011200000000000002,1.0,1.0,0.0,0.0,0.050034018123443984,49.936337517347255,0.0,0.0,0.0,-0.471791073173299,0.07815848432972682,0.8745303643133393,0.08062925334668947,-0.00952949771588904,-0.002373647782712288,-0.0037524578917878084,-8.433719,0.784532,5.38385085
1788962431.531457,7.323,0.0,-19.94309443060029,0,0,319,,,,,,,,,,,,,,,,,,,,,,,,,,,,,,,,,0,0,0,0.0,-19,172,True,True,False,"A:1,B:1,ESTOP:0,MODE:1",DRIVE_DONE,,,,,,,,,,36.967625985,127.87262902166667,121.892,2,0.00012544000000000005,36.967625985,127.87262902166667,4.0,0.028420497131347658,1.0,0.0,0.03444099426269531,0.0,0.050034018123443984,49.936337517347255,0.0,0.0,0.0,-0.47180664991602234,0.07834753853812697,0.8745245394173098,0.08041752456385946,0.0030368728984701333,-0.0007853981633974482,0.0019024088846738192,-8.1002929,0.61781895,5.2367511
1788962431.581460,7.373,0.0,-19.94309443060029,0,0,257,,,,,,,,,,,,,,,,,,,,,,,,,,,,,,,,,0,0,0,0.0,-19,172,True,True,False,"A:1,B:1,ESTOP:0,MODE:1",DRIVE_DONE,,,,,,,,,,36.967625985,127.87262902166667,121.892,2,0.00012544000000000005,36.967625985,127.87262902166667,4.0,0.05343144054412842,1.0,0.0,0.08446288108825684,0.0,0.050034018123443984,49.936337517347255,0.0,0.0,0.0,-0.47177337554143967,0.07847844775116243,0.8745396951380422,0.0803202153673901,-0.0037175513067479217,0.017558012275062956,-0.003490658503988659,-8.208166049999999,0.67665885,5.3152043
1788962431.631455,7.423,0.0,-19.94309443060029,0,0,234,,,,,,,,,,,,,,,,,,,,,,,,,,,,,,,,,0,0,0,0.0,-19,172,True,True,False,"A:1,B:1,ESTOP:0,MODE:1",DRIVE_DONE,,,,,,,,,,36.967625985,127.87262902166667,121.892,2,0.00012544000000000005,36.967625985,127.87262902166667,4.0,0.07842056865692139,1.0,0.0,0.13444113731384277,0.0,0.050034018123443984,49.936337517347255,0.0,0.0,0.0,-0.47176071656085505,0.07879447229898039,0.8745287810475615,0.08020391863606163,-0.003193952531149623,0.003193952531149623,-0.001186823891356144,-8.159132799999998,0.7943386499999999,5.20733115
1788962431.681454,7.473,0.0,-19.94309443060029,0,0,243,,,,,,,,,,,,,,,,,,,,,,,,,,,,,,,,,0,0,0,0.0,-19,172,True,True,False,"A:1,B:1,ESTOP:0,MODE:1",DRIVE_DONE,,,,,,,,,,36.967626001666666,127.87262900666667,121.88399999999999,2,0.00012544000000000005,36.967626001666666,127.87262900666667,4.0,0.011200000000000002,1.0,1.0,0.0,0.0,0.048807410384449516,49.936337517347255,0.0,0.0,0.0,-0.4717326164915063,0.07891400176215732,0.8745366938288044,0.0801653916035078,-0.00466002910282486,-0.0038048177693476384,-0.0030892327760299633,-8.051259649999999,0.7551120499999999,5.16810455
1788962431.731456,7.523,0.0,-19.94309443060029,0,0,255,,,,,,,,,,,,,,,,,,,,,,,,,,,,,,,,,0,0,0,0.0,-19,172,True,True,False,"A:1,B:1,ESTOP:0,MODE:1",DRIVE_DONE,,,,,,,,,,36.967626001666666,127.87262900666667,121.88399999999999,2,0.00012544000000000005,36.967626001666666,127.87262900666667,4.0,0.011200000000000002,1.0,1.0,0.0,0.0,0.048807410384449516,49.936337517347255,0.0,0.0,0.0,-0.47177407725236764,0.07907008848975984,0.8745078450270892,0.08008227097788163,0.004328416544945937,0.005253441048502932,-0.004153883619746504,-8.149326149999998,0.53936575,5.20733115
1788962431.781475,7.573,0.0,-19.94309443060029,0,0,256,,,,,,,,,,,,,,,,,,,,,,,,,,,,,,,,,0,0,0,0.0,-19,172,True,True,False,"A:1,B:1,ESTOP:0,MODE:1",DRIVE_DONE,,,,,,,,,,36.967626001666666,127.87262900666667,121.88399999999999,2,0.00012544000000000005,36.967626001666666,127.87262900666667,4.0,0.04818265552520752,1.0,0.0,0.07396531105041504,0.0,0.048807410384449516,49.936337517347255,0.0,0.0,0.0,-0.4718047999761122,0.07903934619599334,0.8744910823742692,0.08011466357845938,0.00937241808320955,-0.002181661564992912,0.004747295565424576,-8.061066299999998,0.57859235,5.1582979
1788962431.831484,7.623,0.0,-19.94309443060029,0,0,256,,,,,,,,,,,,,,,,,,,,,,,,,,,,,,,,,0,0,0,0.0,-19,172,True,True,False,"A:1,B:1,ESTOP:0,MODE:1",DRIVE_DONE,,,,,,,,,,36.967626001666666,127.87262900666667,121.88399999999999,2,0.00012544000000000005,36.967626001666666,127.87262900666667,4.0,0.07317845935821533,1.0,0.0,0.12395691871643066,0.0,0.048807410384449516,49.936337517347255,0.0,0.0,0.0,-0.47184917621740896,0.07920334544594068,0.874453067868969,0.08010628606839737,0.0012566370614359172,0.0055152404363020815,-0.0012217304763960308,-8.1983594,0.67665885,5.3152043
1788962431.881478,7.673,0.0,-19.94309443060029,0,0,257,,,,,,,,,,,,,,,,,,,,,,,,,,,,,,,,,0,0,0,0.0,-19,172,True,True,False,"A:1,B:1,ESTOP:0,MODE:1",DRIVE_DONE,,,,,,,,,,36.967626001666666,127.87262900666667,121.88399999999999,2,0.00012544000000000005,36.967626001666666,127.87262900666667,4.0,0.09818475360870361,1.0,0.0,0.17396950721740723,0.0,0.048807410384449516,49.936337517347255,0.0,0.0,0.0,-0.47179949918556013,0.07935614549446912,0.8744748563988399,0.080009751072875,-0.003420845333908886,0.0033161255787892262,-0.00034906585039886593,-8.24739265,0.83356525,5.295591
1788962431.931457,7.723,0.0,-19.94309443060029,0,0,265,,,,,,,,,,,,,,,,,,,,,,,,,,,,,,,,,0,0,0,0.0,-19,172,True,True,False,"A:1,B:1,ESTOP:0,MODE:1",DRIVE_DONE,,,,,,,,,,36.96762602166667,127.87262905833333,121.88399999999999,2,0.00012544000000000005,36.96762602166667,127.87262905833333,4.0,0.011200000000000002,1.0,1.0,0.0,0.0,0.04571797204414075,49.936337517347255,0.0,0.0,0.0,-0.4717458089127993,0.07940032380014447,0.8745041166426053,0.07996268085036418,0.008168140899333463,0.0033335788713091696,0.002617993877991494,-8.2571993,0.4707192,5.34462425
1788962431.981455,7.773,0.0,-19.94309443060029,0,0,271,,,,,,,,,,,,,,,,,,,,,,,,,,,,,,,,,0,0,0,0.0,-19,172,True,True,False,"A:1,B:1,ESTOP:0,MODE:1",DRIVE_DONE,,,,,,,,,,36.96762602166667,127.87262905833333,121.88399999999999,2,0.00012544000000000005,36.96762602166667,127.87262905833333,4.0,0.04773061389923096,1.0,0.0,0.07306122779846191,0.0,0.04571797204414075,49.936337517347255,0.0,0.0,0.0,-0.4717548549361308,0.07939230497954558,0.8745013421422887,0.0799476162594041,-0.0024609142453120045,0.0032114058236695662,-0.0073129295658562405,-8.149326149999998,0.6080123,5.20733115
1788962432.031491,7.823,0.0,-19.94309443060029,0,0,273,,,,,,,,,,,,,,,,,,,,,,,,,,,,,,,,,0,0,0,0.0,-19,172,True,True,False,"A:1,B:1,ESTOP:0,MODE:1",DRIVE_DONE,,,,,,,,,,36.96762602166667,127.87262905833333,121.88399999999999,2,0.00012544000000000005,36.96762602166667,127.87262905833333,4.0,0.07272439117431641,1.0,0.0,0.12304878234863281,0.0,0.04571797204414075,49.936337517347255,0.0,0.0,0.0,-0.4717609507621898,0.07968523514993946,0.8744841413488958,0.07980823995263729,0.00466002910282486,0.00773180858633488,-0.005916666164260778,-8.217972699999999,0.6276256,5.16810455
1788962432.081477,7.873,0.0,-19.94309443060029,0,0,271,,,,,,,,,,,,,,,,,,,,,,,,,,,,,,,,,0,0,0,0.0,-19,172,True,True,False,"A:1,B:1,ESTOP:0,MODE:1",DRIVE_DONE,,,,,,,,,,36.96762602166667,127.87262905833333,121.88399999999999,2,0.00012544000000000005,36.96762602166667,127.87262905833333,4.0,0.09771447296142578,1.0,0.0,0.17302894592285156,0.0,0.04571797204414075,49.936337517347255,0.0,0.0,0.0,-0.4716871699053397,0.07991957766043004,0.8745167627256959,0.07965241091792846,-0.004677482395344803,0.0017278759594743863,0.011554079648202462,-8.061066299999998,0.6276256,5.26617105
1788962432.131459,7.923,0.0,-19.94309443060029,0,0,262,,,,,,,,,,,,,,,,,,,,,,,,,,,,,,,,,0,0,0,0.0,-19,172,True,True,False,"A:1,B:1,ESTOP:0,MODE:1",DRIVE_DONE,,,,,,,,,,36.967626026666665,127.87262897666666,121.87299999999999,2,0.00012544000000000005,36.967626026666665,127.87262897666666,4.0,0.011200000000000002,1.0,1.0,0.0,0.0,0.03368765982499492,49.936337517347255,0.0,0.0,0.0,-0.4716899643685709,0.07991014332590005,0.8745195375554987,0.07961485377319563,-0.0005759586531581288,0.0014311699866353504,0.007714355293814937,-8.159132799999998,0.55897905,5.2367511
1788962432.181456,7.973,0.0,-19.94309443060029,0,0,257,,,,,,,,,,,,,,,,,,,,,,,,,,,,,,,,,0,0,0,0.0,-19,172,True,True,False,"A:1,B:1,ESTOP:0,MODE:1",DRIVE_DONE,,,,,,,,,,36.967626026666665,127.87262897666666,121.87299999999999,2,0.00012544000000000005,36.967626026666665,127.87262897666666,4.0,0.04218130226135254,1.0,0.0,0.06196260452270508,0.0,0.03368765982499492,49.936337517347255,0.0,0.0,0.0,-0.47170530187502274,0.07993163918202648,0.874511181699192,0.07959418523831292,0.0010471975511965976,-0.0027052603405912107,-0.0027401669256310974,-8.139519499999999,0.63743225,5.1779112
1788962432.231481,8.023,0.0,-19.94309443060029,0,0,252,,,,,,,,,,,,,,,,,,,,,,,,,,,,,,,,,0,0,0,0.0,-19,172,True,True,False,"A:1,B:1,ESTOP:0,MODE:1",DRIVE_DONE,,,,,,,,,,36.967626026666665,127.87262897666666,121.87299999999999,2,0.00012544000000000005,36.967626026666665,127.87262897666666,4.0,0.06718592758178711,1.0,0.0,0.11197185516357422,0.0,0.03368765982499492,49.936337517347255,0.0,0.0,0.0,-0.4717234825380407,0.0800454168740168,0.8744937252768548,0.07956388446434993,0.009232791743050004,0.004118977034706617,0.0049741883681838385,-8.149326149999998,0.5982056499999999,5.3348176
1788962432.281453,8.073,0.0,-19.94309443060029,0,0,247,,,,,,,,,,,,,,,,,,,,,,,,,,,,,,,,,0,0,0,0.0,-19,172,True,True,False,"A:1,B:1,ESTOP:0,MODE:1",DRIVE_DONE,,,,,,,,,,36.96762601166667,127.872628975,121.881,2,0.00012544000000000005,36.96762601166667,127.872628975,4.0,0.011200000000000002,1.0,1.0,0.0,0.0,0.06779009643777757,49.936337517347255,0.0,0.0,0.0,-0.47179534034790477,0.08018164945735591,0.8744470134961624,0.07951402708921823,-0.005777039824101231,0.009197885158010117,0.0006806784082777885,-8.0806796,0.73549875,5.34462425
1788962432.331483,8.123,0.0,-19.94309443060029,0,0,240,,,,,,,,,,,,,,,,,,,,,,,,,,,,,,,,,0,0,0,0.0,-19,172,True,True,False,"A:1,B:1,ESTOP:0,MODE:1",DRIVE_DONE,,,,,,,,,,36.96762601166667,127.872628975,121.881,2,0.00012544000000000005,36.96762601166667,127.872628975,4.0,0.023702074241638185,1.0,0.0,0.025004148483276367,0.0,0.06779009643777757,49.936337517347255,0.0,0.0,0.0,-0.4717397202550766,0.0802488517271433,0.8744740244941327,0.07947917095171528,0.0035953782591083188,-0.00012217304763960306,0.003543018381548489,-8.217972699999999,0.65704555,5.1582979
1788962432.367796,8.160,0.0,-19.94309443060029,0,0,238,,,,,,,,,,,,,,,,,,,,,,,,,,,,,,,,,0,0,0,0.0,-19,172,True,True,False,"A:1,B:1,ESTOP:0,MODE:1",DRIVE_DONE,,,,,,,,,,36.96762601166667,127.872628975,121.881,2,0.00012544000000000005,36.96762601166667,127.872628975,4.0,0.04870264644622803,1.0,0.0,0.07500529289245605,0.0,0.06779009643777757,49.936337517347255,0.0,0.0,0.0,-0.4717397202550766,0.0802488517271433,0.8744740244941327,0.07947917095171528,0.0035953782591083188,-0.00012217304763960306,0.003543018381548489,-8.217972699999999,0.65704555,5.1582979
