t_wall,t_rel,cmd_pulse,cmd_steer_deg,drive_pulse_cmd,brake_level,brake_pot,ego_x_m,ego_y_m,ego_heading_deg,ego_pulse,ego_wp_idx,ego_wp_total,ego_fix_ok,cte_m,heading_err_deg,target_idx,target_dist_m,goal_dist_m,gps_course_deg,fuse_corr_deg,gyro_z_dps,brake_latched,head_init_deg,head_sigma_deg,head_resid_m,head_dist_m,ref_pulse,out_pulse,meas_pulse,cte_integral,cte_i_term_deg,goal_phase,cb_state,cb_v0_ms,cb_v_corner_ms,goal_need_m,lidar_zone,rejoin,encoder_sum,speed_kmh,steer_measured_deg,throttle_raw,control_state,vehicle_mode,estop,board_status,drive_state,lstatus,drive_cmd,drive_event,tl_state,tl_near_metric,tl_red_far,sl_px,sl_y,sl_wait,fix_lat,fix_lon,fix_alt_m,fix_status,fix_cov_xx,gps_lat,gps_lon,gps_quality,gps_sigma_m,gps_pos_ok,gps_is_raw,gps_raw_age_s,gps_dr_dist_m,gps_kmh,gps_fix_course_deg,gps_mode,gps_reject_n,gps_resid_m,imu_quat_x,imu_quat_y,imu_quat_z,imu_quat_w,imu_gyro_x,imu_gyro_y,imu_gyro_z,imu_acc_x,imu_acc_y,imu_acc_z
1788871001.505215,0.017,0.0,0.0,0,,189,123.480775197861,-80.39957456283452,0.0,0.0,0.0,144.0,1.0,37.686951094863254,0.0,0.0,0.0,57.50351145709313,nan,0.0,-0.168,0.0,0.0,0.0,0.0,0.0,0.0,0.0,nan,0.0,0.0,0.0,0.0,0.0,nan,nan,,,0,0.0,-4,167,True,True,False,"A:1,B:1,ESTOP:0,MODE:1",DRIVE_HEADING,0,route_20260908_213404.csv | DRIVE_START,주행모드 최초 인식: 수동조종 | 📶 GPS 품질 ↘ 저하 : DGPS → NO_FIX (σ=nanm) | 📶 GPS 품질 ↗ 회복 : NO_FIX → DGPS (σ=0.23m) | 📶 GPS 품질 ↘ 저하 : DGPS → NO_FIX (σ=nanm) | 📶 GPS 품질 ↗ 회복 : NO_FIX → SPS (σ=9.36m) | 📶 GPS 품질 ↘ 저하 : SPS → NO_FIX (σ=nanm) | 📶 GPS 품질 ↗ 회복 : NO_FIX → SPS (σ=74.92m) | 📶 GPS 품질 ↗ 회복 : SPS → DGPS (σ=0.36m) | 📶 GPS 품질 ↘ 저하 : DGPS → SPS (σ=13.52m) | 📶 GPS 품질 ↗ 회복 : SPS → DGPS (σ=0.14m) | 📶 GPS 품질 ↘ 저하 : DGPS → NO_FIX (σ=nanm) | 📶 GPS 품질 ↗ 회복 : NO_FIX → DGPS (σ=0.33m) | 📶 GPS 품질 ↘ 저하 : DGPS → NO_FIX (σ=nanm) | 📶 GPS 품질 ↗ 회복 : NO_FIX → SPS (σ=14.24m) | 📶 GPS 품질 ↗ 회복 : SPS → DGPS (σ=0.36m) | 📶 GPS 품질 ↘ 저하 : DGPS → NO_FIX (σ=nanm) | 📶 GPS 품질 ↗ 회복 : NO_FIX → DGPS (σ=0.69m) | 📶 GPS 품질 ↘ 저하 : DGPS → NO_FIX (σ=nanm) | 📶 GPS 품질 ↗ 회복 : NO_FIX → DGPS (σ=0.69m) | 📶 GPS 품질 ↘ 저하 : DGPS → NO_FIX (σ=nanm) | 📶 GPS 품질 ↗ 회복 : NO_FIX → DGPS (σ=0.20m) | 📶 GPS 품질 ↘ 저하 : DGPS → NO_FIX (σ=nanm) | 📶 GPS 품질 ↗ 회복 : NO_FIX → DGPS (σ=0.62m) | 📁 경로 선택: route_20260908_213404.csv (WP 144개) — 스위치를 자율로 올리면 출발 | ⏸️ 일시정지 지점 없음 (terrain 열에 'S' 가 없다) | 🛰️ 라이다 구간 없음 — 전 구간 GPS 추종 (terrain 열에 'L' 이 없다) | 📶 GPS 품질 ↘ 저하 : DGPS → NO_FIX (σ=nanm) | 📶 GPS 품질 ↗ 회복 : NO_FIX → DGPS (σ=0.24m) | 📶 GPS 품질 ↘ 저하 : DGPS → NO_FIX (σ=nanm) | 📶 GPS 품질 ↗ 회복 : NO_FIX → DGPS (σ=0.18m) | ▶ 주행 시작(prompt) [route_20260908_213404.csv] | ⚠️ 출발 GPS : DGPS σ=0.25m — RTK Fixed 가 아니다. 추종오차가 좌표오차에 묻힐 수 있다,,,,-1.0,-1.0,False,36.96804235333333,127.873525595,-3.543000000000003,1,0.030625000000000006,36.968014456666666,127.873541965,2.0,0.27502279281616215,1.0,0.0,0.20004558563232422,0.0,nan,113.57983952290928,0.0,240.0,0.0,-0.18594292043803154,0.44509145324194466,0.38917195180703157,0.7847700430805544,-0.0023911010752322315,0.009354964790689606,-0.0029321531433504737,-8.0806796,0.57859235,5.1582979
1788871001.555198,0.067,0.0,0.0,0,,188,123.480775197861,-80.39957456283452,0.0,0.0,0.0,144.0,1.0,37.686951094863254,0.0,0.0,0.0,57.50351145709313,nan,0.0,0.21000000000000002,0.0,0.0,0.0,0.0,0.0,0.0,0.0,nan,0.0,0.0,0.0,0.0,0.0,nan,nan,,,0,0.0,-3,168,True,True,False,"A:1,B:1,ESTOP:0,MODE:1",DRIVE_HEADING,0,,,,,,-1.0,-1.0,False,36.96804235333333,127.873525595,-3.543000000000003,1,0.030625000000000006,36.968014456666666,127.873541965,2.0,0.3000674724578858,1.0,0.0,0.2501349449157715,0.0,nan,113.57983952290928,0.0,240.0,0.0,-0.18599474286199705,0.44529058234210206,0.38913669202278656,0.784662276286234,0.0030543261909900766,-0.0019896753472735357,0.003665191429188092,-8.56120545,0.38245935,5.3152043
1788871001.605269,0.117,0.0,0.0,0,,188,123.480775197861,-80.39957456283452,0.0,0.0,0.0,144.0,1.0,37.686951094863254,0.0,0.0,0.0,57.50351145709313,nan,0.0,-0.336,0.0,0.0,0.0,0.0,0.0,0.0,0.0,nan,0.0,0.0,0.0,0.0,0.0,nan,nan,,,0,0.042575836181640625,-2,166,True,True,False,"A:1,B:1,ESTOP:0,MODE:1",DRIVE_HEADING,0,,,,,,-1.0,-1.0,False,36.96804235333333,127.873525595,-3.543000000000003,1,0.030625000000000006,36.968014456666666,127.873541965,2.0,0.3250707864761353,1.0,0.0,0.3001415729522705,0.0,nan,113.57983952290928,0.0,240.0,0.0,-0.18597124955293373,0.4450637031292988,0.3892480190627383,0.7847413421964526,-0.013805554383275147,-0.018360863730980347,-0.005864306286700947,-7.83551335,0.7158854499999999,4.834678449999999
1788871001.655216,0.167,0.0,0.0,0,,188,123.480775197861,-80.39957456283452,0.0,0.0,0.0,144.0,1.0,37.686951094863254,0.0,0.0,0.0,57.50351145709313,nan,0.0,-0.033,0.0,0.0,0.0,0.0,0.0,0.0,0.0,nan,0.0,0.0,0.0,0.0,0.0,nan,nan,,,0,0.06690307706594467,-1,168,True,True,False,"A:1,B:1,ESTOP:0,MODE:1",DRIVE_HEADING,0,,,,,,-1.0,-1.0,False,36.96804235333333,127.873525595,-3.543000000000003,1,0.030625000000000006,36.968014456666666,127.873541965,2.0,0.3500397682189942,1.0,0.0,0.3500795364379883,0.0,nan,113.57983952290928,0.0,240.0,0.0,-0.18608567102884382,0.4452987201459371,0.38919406746366253,0.7846076412610481,0.00736528944341607,0.02701769682087222,-0.0005759586531581288,-8.2768126,0.5197524499999999,5.746696899999999
1788871001.705232,0.217,0.0,0.0,0,,188,123.480775197861,-80.39957456283452,0.0,0.0,0.0,144.0,1.0,37.686951094863254,0.0,0.0,0.0,57.50351145709313,nan,0.0,-0.262,0.0,0.0,0.0,0.0,0.0,0.0,0.0,nan,0.0,0.0,0.0,0.0,0.0,nan,nan,,,0,0.03434539958834648,-1,169,True,True,False,"A:1,B:1,ESTOP:0,MODE:1",DRIVE_HEADING,0,,,,,,-1.0,-1.0,False,36.96808707,127.87349353833334,-4.202000000000002,1,0.030625000000000006,36.968014456666666,127.873541965,2.0,0.37502508163452153,1.0,0.0,0.40005016326904297,0.0,nan,113.57983952290928,0.0,241.0,0.0,-0.18600955091854754,0.445169461400767,0.3891565382334223,0.7847176475353477,-0.005881759579220891,-0.011728612573401895,-0.004572762640225144,-8.3356525,0.5197524499999999,5.0013914999999995
1788871001.755234,0.267,0.0,0.0,0,,188,123.480775197861,-80.39957456283452,0.0,0.0,0.0,144.0,1.0,37.686951094863254,0.0,0.0,0.0,57.50351145709313,nan,0.0,0.804,0.0,0.0,0.0,0.0,0.0,0.0,0.0,nan,0.0,0.0,0.0,0.0,0.0,nan,nan,,,0,0.06502081453800201,-1,169,True,True,False,"A:1,B:1,ESTOP:0,MODE:1",DRIVE_HEADING,0,,,,,,-1.0,-1.0,False,36.96808707,127.87349353833334,-4.202000000000002,1,0.030625000000000006,36.968014456666666,127.873541965,2.0,0.4000519990921021,1.0,0.0,0.4501039981842041,0.0,nan,113.57983952290928,0.0,241.0,0.0,-0.18602428245081093,0.44526680659090034,0.3891486233659678,0.7846628487569517,-0.013055062804917585,0.00809832772925369,0.01403244718603441,-8.227779349999999,0.6472389,5.3740442
1788871001.805261,0.317,0.0,0.0,0,,188,123.480775197861,-80.39957456283452,0.0,0.0,0.0,144.0,1.0,37.686951094863254,0.0,0.0,0.0,57.50351145709313,nan,0.0,0.109,0.0,0.0,0.0,0.0,0.0,0.0,0.0,nan,0.0,0.0,0.0,0.0,0.0,nan,nan,,,0,0.026994120329618454,-1,169,True,True,False,"A:1,B:1,ESTOP:0,MODE:1",DRIVE_HEADING,0,,,,,,-1.0,-1.0,False,36.96808707,127.87349353833334,-4.202000000000002,1,0.030625000000000006,36.968014456666666,127.873541965,2.0,0.4250637769699097,1.0,0.0,0.5001275539398193,0.0,nan,113.57983952290928,0.0,241.0,0.0,-0.1860256179949933,0.44516756349594516,0.38925852919394366,0.7846643277927398,-0.003839724354387525,-0.00926769832808989,0.0019024088846738192,-8.3356525,0.36284605,5.12887795
1788871001.855216,0.367,0.0,0.0,0,,188,123.480775197861,-80.39957456283452,0.0,0.0,0.0,144.0,1.0,37.686951094863254,0.0,0.0,0.0,57.50351145709313,nan,0.0,-0.028,0.0,0.0,0.0,0.0,0.0,0.0,0.0,nan,0.0,0.0,0.0,0.0,0.0,nan,nan,,,0,0.028350526466965675,-1,168,True,True,False,"A:1,B:1,ESTOP:0,MODE:1",DRIVE_HEADING,0,,,,,,-1.0,-1.0,False,36.96808707,127.87349353833334,-4.202000000000002,1,0.030625000000000006,36.968014456666666,127.873541965,2.0,0.45006101131439213,1.0,0.0,0.5501220226287842,0.0,nan,113.57983952290928,0.0,241.0,0.0,-0.18603772484584527,0.4452102426386568,0.38920153692904247,0.784665513729182,0.0026005405854715507,0.010733774899765127,-0.0004886921905584122,-8.2571993,0.4903325,5.26617105
1788871001.905226,0.417,0.0,0.0,0,,189,123.480775197861,-80.39957456283452,0.0,0.0,0.0,144.0,1.0,37.686951094863254,0.0,0.0,0.0,57.50351145709313,nan,0.0,0.265,0.0,0.0,0.0,0.0,0.0,0.0,0.0,nan,0.0,0.0,0.0,0.0,0.0,nan,nan,,,0,0.05676731839776039,-1,168,True,True,False,"A:1,B:1,ESTOP:0,MODE:1",DRIVE_HEADING,0,,,,,,-1.0,-1.0,False,36.96812272,127.8734692,-4.682000000000002,1,0.030625000000000006,36.968014456666666,127.873541965,2.0,0.47503619194030766,1.0,0.0,0.6000723838806152,0.0,nan,113.57983952290928,0.0,242.0,0.0,-0.1860375637446777,0.44527877505940244,0.3891704658212969,0.784642075018908,-0.006841690667817772,-0.01022762941668677,0.0046251225177849735,-8.24739265,0.5883989999999999,5.3936575
1788871001.955230,0.467,0.0,0.0,0,,189,123.480775197861,-80.39957456283452,0.0,0.0,0.0,144.0,1.0,37.686951094863254,0.0,0.0,0.0,57.50351145709313,nan,0.0,-0.04,0.0,0.0,0.0,0.0,0.0,0.0,0.0,nan,0.0,0.0,0.0,0.0,0.0,nan,nan,,,0,0.04904249683022499,-1,168,True,True,False,"A:1,B:1,ESTOP:0,MODE:1",DRIVE_HEADING,0,,,,,,-1.0,-1.0,False,36.96812272,127.8734692,-4.682000000000002,1,0.030625000000000006,36.968014456666666,127.873541965,2.0,0.500061321258545,1.0,0.0,0.6501226425170898,0.0,nan,113.57983952290928,0.0,242.0,0.0,-0.1859618239007269,0.4450960641461604,0.3892618353017137,0.7847183681491428,-0.0045553093477052,0.01579522973054868,-0.0006981317007977319,-8.227779349999999,0.5883989999999999,5.1190713
1788871002.005206,0.517,0.0,0.0,0,,188,123.480775197861,-80.39957456283452,0.0,0.0,0.0,144.0,1.0,37.686951094863254,0.0,0.0,0.0,57.50351145709313,nan,0.0,0.321,0.0,0.0,0.0,0.0,0.0,0.0,0.0,nan,0.0,0.0,0.0,0.0,0.0,nan,nan,,,0,0.06147848814725876,-1,168,True,True,False,"A:1,B:1,ESTOP:0,MODE:1",DRIVE_HEADING,0,,,,,,-1.0,-1.0,False,36.96812272,127.8734692,-4.682000000000002,1,0.030625000000000006,36.968014456666666,127.873541965,2.0,0.5250393629074097,1.0,0.0,0.7000787258148193,0.0,nan,113.57983952290928,0.0,242.0,0.0,-0.1860328599475033,0.4453638576712189,0.3892205273266455,0.7845700672390776,-0.003735004599267865,0.00307177948351002,0.005602506898901798,-8.2964259,0.4216859499999999,5.38385085
1788871002.055229,0.567,0.0,0.0,0,,189,123.480775197861,-80.39957456283452,0.0,0.0,0.0,144.0,1.0,37.686951094863254,0.0,0.0,0.0,57.50351145709313,nan,0.0,-0.271,0.0,0.0,0.0,0.0,0.0,0.0,0.0,nan,0.0,0.0,0.0,0.0,0.0,nan,nan,,,0,0.04310125485062599,-1,168,True,True,False,"A:1,B:1,ESTOP:0,MODE:1",DRIVE_HEADING,0,,,,,,-1.0,-1.0,False,36.96812272,127.8734692,-4.682000000000002,1,0.030625000000000006,36.968014456666666,127.873541965,2.0,0.5500554323196412,1.0,0.0,0.7501108646392822,0.0,nan,113.57983952290928,0.0,242.0,0.0,-0.18595284267733903,0.445221919513716,0.3892269047023999,0.7846664255213982,-0.005689773361501515,-0.015289084247470327,-0.0047298422729046335,-8.2571993,0.5491724,5.099458
1788871002.105283,0.617,0.0,0.0,0,,188,123.480775197861,-80.39957456283452,0.0,0.0,0.0,144.0,1.0,37.686951094863254,0.0,0.0,0.0,57.50351145709313,nan,0.0,0.155,0.0,0.0,0.0,0.0,0.0,0.0,0.0,nan,0.0,0.0,0.0,0.0,0.0,nan,nan,,,0,0.07226768881082535,-1,168,True,True,False,"A:1,B:1,ESTOP:0,MODE:1",DRIVE_HEADING,0,,,,,,-1.0,-1.0,False,36.96815032333333,127.87345766,-5.09,1,0.030625000000000006,36.968014456666666,127.873541965,2.0,0.5751225233078003,1.0,0.0,0.8002450466156006,0.0,nan,113.57983952290928,0.0,243.0,0.0,-0.1860126123009798,0.4453635559371455,0.38918564667324373,0.784592342259033,0.0065275314024587925,0.013072516097437528,0.0027052603405912107,-8.2768126,0.5687857,5.42307745
1788871002.155231,0.667,0.0,0.0,0,,189,123.480775197861,-80.39957456283452,0.0,0.0,0.0,144.0,1.0,37.686951094863254,0.0,0.0,0.0,57.50351145709313,nan,0.0,0.316,0.0,0.0,0.0,0.0,0.0,0.0,0.0,nan,0.0,0.0,0.0,0.0,0.0,nan,nan,,,0,0.07932886481285095,-1,168,True,True,False,"A:1,B:1,ESTOP:0,MODE:1",DRIVE_HEADING,0,,,,,,-1.0,-1.0,False,36.96815032333333,127.87345766,-5.09,1,0.030625000000000006,36.968014456666666,127.873541965,2.0,0.6000766038894654,1.0,0.0,0.8501532077789307,0.0,nan,113.57983952290928,0.0,243.0,0.0,-0.18601664689638658,0.44529340779336024,0.3892235817250228,0.7846123829524648,0.008621926504851989,-0.022898719786165606,0.0055152404363020815,-8.227779349999999,0.5883989999999999,5.2367511
1788871002.205251,0.717,3.0,0.0,3,,189,123.480775197861,-80.39957456283452,0.0,0.0,0.0,144.0,1.0,37.686951094863254,0.0,0.0,0.0,57.50351145709313,nan,0.0,0.026,0.0,0.0,0.0,0.0,0.0,0.0,0.0,nan,0.0,0.0,0.0,0.0,0.0,nan,nan,,,0,0.07957393676042557,-1,168,True,True,False,"A:1,B:1,ESTOP:0,MODE:1",DRIVE_HEADING,0,,,,,,-1.0,-1.0,False,36.96815032333333,127.87345766,-5.09,1,0.030625000000000006,36.968014456666666,127.873541965,2.0,0.6250640630722046,1.0,0.0,0.9001281261444092,0.0,nan,113.57983952290928,0.0,243.0,0.0,-0.18602208820201965,0.44525663358891854,0.3892444893240491,0.784621590626261,0.0011344640137963143,0.008185594191853406,0.0004537856055185257,-8.227779349999999,0.50013915,5.2171378
1788871002.255254,0.767,3.0,0.0,3,,188,123.480775197861,-80.39957456283452,0.0,0.0,0.0,144.0,1.0,37.686951094863254,0.0,0.0,0.0,57.50351145709313,nan,0.0,0.351,0.0,0.0,0.0,0.0,0.0,3.0,3.0,nan,0.0,0.0,0.0,0.0,0.0,nan,nan,,,0,0.09779004007577896,-1,178,True,True,False,"A:1,B:1,ESTOP:0,MODE:1",DRIVE_HEADING,0,,,,,,-1.0,-1.0,False,36.96815032333333,127.87345766,-5.09,1,0.030625000000000006,36.968014456666666,127.873541965,2.0,0.6500679731369019,1.0,0.0,0.9501359462738037,0.0,nan,113.57983952290928,0.0,243.0,0.0,-0.18606420314400082,0.44535469615609363,0.389201379187293,0.7845773342117465,0.0031764992386296795,-0.0026354471705114374,0.006126105674500096,-8.316039199999999,0.5687857,5.3740442
1788871002.305214,0.817,3.0,0.0,3,,260,123.480775197861,-80.39957456283452,0.0,0.0,0.0,144.0,1.0,37.686951094863254,0.0,0.0,0.0,57.50351145709313,nan,0.0,0.384,0.0,0.0,0.0,0.0,0.0,3.0,3.0,nan,0.0,0.0,0.0,0.0,0.0,nan,nan,,,0,0.13470208644866943,-1,174,True,True,False,"A:1,B:1,ESTOP:0,MODE:1",DRIVE_HEADING,0,,,,,,-1.0,-1.0,False,36.96817619,127.87344961166667,-5.361000000000001,1,0.030625000000000006,36.968014456666666,127.873541965,2.0,0.6500679731369019,1.0,0.0,0.9501359462738037,0.0,nan,113.57983952290928,0.0,243.0,0.0,-0.18601754230830025,0.44518130473688183,0.3892680679054456,0.7846537141793879,0.006352998477259359,0.013526301702956054,0.006702064327658226,-8.414105699999999,0.30400615,5.570177199999999
1788871002.355236,0.867,3.0,0.0,3,,189,123.480775197861,-80.39957456283452,0.0,0.0,0.0,144.0,1.0,37.686951094863254,0.0,0.0,0.0,57.50351145709313,nan,0.0,0.019,0.0,0.0,0.0,0.0,0.0,3.0,3.0,nan,0.0,0.0,0.0,0.0,0.0,nan,nan,,,0,0.0034022072795778513,-1,168,True,True,False,"A:1,B:1,ESTOP:0,MODE:1",DRIVE_HEADING,0,,,,,,-1.0,-1.0,False,36.96817619,127.87344961166667,-5.361000000000001,1,0.030625000000000006,36.968014456666666,127.873541965,2.0,0.6500679731369019,1.0,0.0,0.9501359462738037,0.0,nan,113.57983952290928,0.0,243.0,0.0,-0.1860733717317394,0.4454910024402536,0.3892048610937167,0.7844960440806446,0.003298672286269283,-0.006492624817418906,0.0003316125578789226,-8.580818749999999,0.6472389,4.54047895
1788871002.405270,0.917,3.0,0.0,3,,188,123.480775197861,-80.39957456283452,0.0,0.0,0.0,144.0,1.0,37.686951094863254,0.0,0.0,0.0,57.50351145709313,nan,0.0,-0.121,0.0,0.0,0.0,0.0,0.0,3.0,3.0,nan,0.0,0.0,0.0,0.0,0.0,nan,nan,,,0,0.08439584821462631,-1,168,True,True,False,"A:1,B:1,ESTOP:0,MODE:1",DRIVE_HEADING,0,,,,,,-1.0,-1.0,False,36.96817619,127.87344961166667,-5.361000000000001,1,0.030625000000000006,36.968014456666666,127.873541965,2.0,0.6500679731369019,1.0,0.0,0.9501359462738037,0.0,nan,113.57983952290928,0.0,243.0,0.0,-0.18597547518995472,0.44518118331887085,0.389327210236881,0.7846344116949294,-0.013247049022636962,-0.021746802479849347,-0.0021118483949131386,-8.070872949999998,0.5883989999999999,5.6682437
1788871002.455230,0.967,3.0,0.0,3,,189,123.480775197861,-80.39957456283452,0.0,0.0,0.0,144.0,1.0,37.686951094863254,0.0,0.0,0.0,57.50351145709313,nan,0.0,-0.091,0.0,0.0,0.0,0.0,0.0,3.0,3.0,nan,0.0,0.0,0.0,0.0,0.0,nan,nan,,,0,0.0,-1,170,True,True,False,"A:1,B:1,ESTOP:0,MODE:1",DRIVE_HEADING,0,,,,,,-1.0,-1.0,False,36.96817619,127.87344961166667,-5.361000000000001,1,0.030625000000000006,36.968014456666666,127.873541965,2.0,0.6500679731369019,1.0,0.0,0.9501359462738037,0.0,nan,113.57983952290928,0.0,243.0,0.0,-0.18598464274990467,0.4453981256442248,0.38921653970233994,0.7845640238730925,0.01802925117310142,0.017243853009703977,-0.0015882496193148398,-8.18855275,0.5982056499999999,5.30539765
1788871002.505229,1.017,3.0,0.0,3,,188,123.480775197861,-80.39957456283452,0.0,0.0,0.0,144.0,1.0,37.686951094863254,0.0,0.0,0.0,57.50351145709313,nan,0.0,0.215,0.0,0.0,0.0,0.0,0.0,3.0,3.0,nan,0.0,0.0,0.0,0.0,0.0,nan,nan,,,0,0.14445756375789642,-1,203,True,True,False,"A:1,B:1,ESTOP:0,MODE:1",DRIVE_HEADING,0,,,,,,-1.0,-1.0,False,nan,nan,nan,-1,9998000100000000.0,36.968014456666666,127.873541965,2.0,0.6500679731369019,1.0,0.0,0.9501359462738037,0.0,nan,113.57983952290928,0.0,243.0,0.0,-0.1859147125780725,0.44528647700640506,0.3892294155865964,0.7846375819984367,0.007033676885537149,-0.016388641676226754,0.0037524578917878084,-8.2964259,0.8237586,4.3737658999999995
1788871002.555231,1.067,3.0,0.0,3,,189,123.480775197861,-80.39957456283452,0.0,0.0,0.0,144.0,1.0,37.686951094863254,0.0,0.0,0.0,57.50351145709313,nan,0.0,0.403,0.0,0.0,0.0,0.0,0.0,3.0,3.0,nan,0.0,0.0,0.0,0.0,0.0,nan,nan,,,0,0.02193603292107582,-1,168,True,True,False,"A:1,B:1,ESTOP:0,MODE:1",DRIVE_HEADING,0,,,,,,-1.0,-1.0,False,nan,nan,nan,-1,9998000100000000.0,36.968014456666666,127.873541965,2.0,0.6500679731369019,1.0,0.0,0.9501359462738037,0.0,nan,113.57983952290928,0.0,243.0,0.0,-0.18595427749190985,0.44524098784046734,0.38926059354077003,0.784638553568198,-0.016807520696705394,-0.001780235837034216,0.007033676885537149,-8.306232549999999,0.38245935,6.138962899999999
1788871002.605236,1.117,3.0,0.0,3,,189,123.480775197861,-80.39957456283452,0.0,0.0,0.0,144.0,1.0,37.686951094863254,0.0,0.0,0.0,57.50351145709313,nan,0.0,0.353,0.0,0.0,0.0,0.0,0.0,3.0,3.0,nan,0.0,0.0,0.0,0.0,0.0,nan,nan,,,0,0.08645480871200562,-1,195,True,True,False,"A:1,B:1,ESTOP:0,MODE:1",DRIVE_HEADING,0,,,,,,-1.0,-1.0,False,nan,nan,nan,-1,9998000100000000.0,36.968014456666666,127.873541965,2.0,0.6500679731369019,1.0,0.0,0.9501359462738037,0.0,nan,113.57983952290928,0.0,243.0,0.0,-0.18588483172117207,0.4452085067661936,0.3892754060944984,0.7846660901612679,0.01748819910498318,-0.00476474885794452,0.006161012259539983,-8.34545915,0.57859235,4.746418599999999
1788871002.655272,1.167,3.0,0.0,3,,189,123.480775197861,-80.39957456283452,0.0,0.0,0.0,144.0,1.0,37.686951094863254,0.0,0.0,0.0,57.50351145709313,nan,0.0,-0.203,0.0,0.0,0.0,0.0,0.0,3.0,3.0,nan,0.0,0.0,0.0,0.0,0.0,nan,nan,,,0,0.12717817723751068,-1,169,True,True,False,"A:1,B:1,ESTOP:0,MODE:1",DRIVE_HEADING,0,,,,,,-1.0,-1.0,False,nan,nan,nan,-1,9998000100000000.0,36.968014456666666,127.873541965,2.0,0.6500679731369019,1.0,0.0,0.9501359462738037,0.0,nan,113.57983952290928,0.0,243.0,0.0,-0.18599111509198465,0.4453532385346187,0.3892564243301334,0.7845681832392172,0.001361356816555577,0.004991641660703782,-0.003543018381548489,-8.414105699999999,0.53936575,5.0406181
1788871002.705232,1.217,3.0,0.0,3,,189,114.49988622530891,-60.430342174478454,0.0,0.0,0.0,144.0,1.0,58.79542921716185,0.0,0.0,0.0,78.6257227838775,nan,0.0,-0.211,0.0,0.0,0.0,0.0,0.0,3.0,3.0,nan,0.0,0.0,0.0,0.0,0.0,nan,nan,,,0,0.18165746331214905,-1,169,True,True,False,"A:1,B:1,ESTOP:0,MODE:1",DRIVE_HEADING,0,,,,,,-1.0,-1.0,False,36.96819384333333,127.87344098833333,-5.573,1,0.030625000000000006,36.96819384333333,127.87344098833333,2.0,0.17500000000000002,1.0,1.0,0.0,0.0,nan,nan,0.0,244.0,0.0,-0.18602627418953557,0.4453364039476676,0.38928566297906847,0.7845548962495019,-0.02422517001768129,-0.046582837735728654,-0.003682644721708035,-7.54131385,0.97085835,4.6679654
1788871002.755234,1.267,3.0,0.0,3,,189,114.49988622530891,-60.430342174478454,0.0,0.0,0.0,144.0,1.0,58.79542921716185,0.0,0.0,0.0,78.6257227838775,nan,0.0,-0.293,0.0,0.0,0.0,0.0,0.0,3.0,3.0,nan,0.0,0.0,0.0,0.0,0.0,nan,nan,,,0,0.1818697154521942,-1,168,True,True,False,"A:1,B:1,ESTOP:0,MODE:1",DRIVE_HEADING,0,,,,,,-1.0,-1.0,False,36.96819384333333,127.87344098833333,-5.573,1,0.030625000000000006,36.96819384333333,127.87344098833333,2.0,0.20317034721374513,1.0,0.0,0.056340694427490234,0.0,nan,nan,0.0,244.0,0.0,-0.18598879408941754,0.44510124396041106,0.38929145245486363,0.7846943456809418,0.001186823891356144,0.0003665191429188092,-0.005113814708343385,-8.669078599999999,0.6962721499999999,7.2471143499999995
1788871002.805266,1.317,3.0,0.0,3,,188,114.49988622530891,-60.430342174478454,0.0,0.0,0.0,144.0,1.0,58.79542921716185,0.0,0.0,0.0,78.6257227838775,nan,0.0,0.31,0.0,0.0,0.0,0.0,0.0,3.0,3.0,nan,0.0,0.0,0.0,0.0,0.0,nan,nan,,,0,0.17479650676250458,-1,169,True,True,False,"A:1,B:1,ESTOP:0,MODE:1",DRIVE_HEADING,0,,,,,,-1.0,-1.0,False,36.96819384333333,127.87344098833333,-5.573,1,0.030625000000000006,36.96819384333333,127.87344098833333,2.0,0.2281672239303589,1.0,0.0,0.10633444786071777,0.0,nan,nan,0.0,244.0,0.0,-0.1859400323514783,0.4452891242259677,0.3892070204415719,0.7846411889865301,0.040997784129346806,0.04098033083682685,0.0054105206811824215,-8.36507245,0.7649187,4.56009225
1788871002.855205,1.367,3.0,0.0,3,,189,114.49988622530891,-60.430342174478454,0.0,0.0,0.0,144.0,1.0,58.79542921716185,0.0,0.0,0.0,78.6257227838775,nan,0.0,0.293,0.0,0.0,0.0,0.0,0.0,3.0,3.0,nan,0.0,0.0,0.0,0.0,0.0,nan,nan,,,0,0.1866193264722824,-1,169,True,True,False,"A:1,B:1,ESTOP:0,MODE:1",DRIVE_HEADING,0,,,,,,-1.0,-1.0,False,36.96819384333333,127.87344098833333,-5.573,1,0.030625000000000006,36.96819384333333,127.87344098833333,2.0,0.2531619548797608,1.0,0.0,0.15632390975952148,0.0,nan,nan,0.0,244.0,0.0,-0.18599706880945788,0.4452434887323506,0.38924365559092877,0.7846353947649477,0.003490658503988659,-0.018657569703819384,0.005113814708343385,-8.69849855,0.29419949999999995,4.5306723
1788871002.905230,1.417,3.0,0.0,3,,188,114.49988622530891,-60.430342174478454,0.0,0.0,0.0,144.0,1.0,58.79542921716185,0.0,0.0,0.0,78.6257227838775,nan,0.0,-0.424,0.0,0.0,0.0,0.0,0.0,3.0,3.0,nan,0.0,0.0,0.0,0.0,0.0,nan,nan,,,0,0.28918811678886414,-1,168,True,True,False,"A:1,B:1,ESTOP:0,MODE:1",DRIVE_HEADING,0,,,,,,-1.0,-1.0,False,36.96820602,127.87343414,-5.6960000000000015,1,0.030625000000000006,36.96819384333333,127.87344098833333,2.0,0.27813880443573,1.0,0.0,0.20627760887145996,0.0,nan,nan,0.0,245.0,0.0,-0.18603023235304447,0.4453408248486465,0.38925096825001715,0.7845686624446732,-0.0006806784082777885,0.011344640137963142,-0.007400196028455957,-8.71811185,0.7943386499999999,4.873905049999999
1788871002.955254,1.467,3.0,0.0,3,,189,114.49988622530891,-60.430342174478454,0.0,0.0,0.0,144.0,1.0,58.79542921716185,0.0,0.0,0.0,78.6257227838775,nan,0.0,0.865,0.0,0.0,0.0,0.0,0.0,3.0,3.0,nan,0.0,0.0,0.0,0.0,0.0,nan,nan,,,0,0.45775195956230164,0,168,True,True,False,"A:1,B:1,ESTOP:0,MODE:1",DRIVE_HEADING,0,,,,,,-1.0,-1.0,False,36.96820602,127.87343414,-5.6960000000000015,1,0.030625000000000006,36.96819384333333,127.87344098833333,2.0,0.3031758546829224,1.0,0.0,0.2563517093658447,0.0,nan,nan,0.0,245.0,0.0,-0.18603021198347652,0.44552761747459224,0.3891436036614468,0.7845158749357334,0.021868975527488947,-0.002181661564992912,0.01509709802975095,-8.325845849999999,0.6962721499999999,4.08937305
1788871003.005208,1.517,3.0,0.0,3,,188,114.49988622530891,-60.430342174478454,0.0,0.0,0.0,144.0,1.0,58.79542921716185,0.0,0.0,0.0,78.6257227838775,nan,0.0,0.492,0.0,0.0,0.0,0.0,0.0,3.0,3.0,nan,0.0,0.0,0.0,0.0,0.0,nan,nan,,,0,0.5712401866912842,-1,178,True,True,False,"A:1,B:1,ESTOP:0,MODE:1",DRIVE_HEADING,0,,,,,,-1.0,-1.0,False,36.96820602,127.87343414,-5.6960000000000015,1,0.030625000000000006,36.96819384333333,127.87344098833333,2.0,0.32816402912139897,1.0,0.0,0.30632805824279785,0.0,nan,nan,0.0,245.0,0.0,-0.18601478705218522,0.4452124895907181,0.38931814129080655,0.784611829487828,0.012897983172238095,0.008080874436733746,0.008587019919812101,-8.99269805,0.3334261,4.77583855
1788871003.055220,1.567,3.0,0.0,3,,196,114.49988622530891,-60.430342174478454,0.0,0.0,0.0,144.0,1.0,58.79542921716185,0.0,0.0,0.0,78.6257227838775,nan,0.0,-0.708,0.0,0.0,0.0,0.0,0.0,3.0,3.0,nan,0.0,0.0,0.0,0.0,0.0,nan,nan,,,0,0.6656042337417603,-1,169,True,True,False,"A:1,B:1,ESTOP:0,MODE:1",DRIVE_HEADING,0,,,,,,-1.0,-1.0,False,36.96820602,127.87343414,-5.6960000000000015,1,0.030625000000000006,36.96819384333333,127.87344098833333,2.0,0.35314993858337407,1.0,0.0,0.35629987716674805,0.0,nan,nan,0.0,245.0,0.0,-0.1861535019230493,0.44557870271002814,0.38917884494824934,0.784440131595637,-0.0008377580409572782,-0.021729349187329404,-0.012356931104119853,-7.5315072,0.9512450499999999,4.295312699999999
1788871003.105266,1.617,3.0,0.0,3,,189,114.49988622530891,-60.430342174478454,0.0,0.0,0.0,144.0,1.0,58.79542921716185,0.0,0.0,0.0,78.6257227838775,nan,0.0,-0.189,0.0,0.0,0.0,0.0,0.0,3.0,3.0,nan,0.0,0.0,0.0,0.0,0.0,nan,nan,,,0,0.6026815176010132,-1,261,True,True,False,"A:1,B:1,ESTOP:0,MODE:1",DRIVE_HEADING,0,,,,,,-1.0,-1.0,False,36.96822083,127.87342454166667,-5.622,1,0.030625000000000006,36.96819384333333,127.87344098833333,2.0,0.3781326293945313,1.0,0.0,0.4062652587890625,0.0,nan,nan,0.0,246.0,0.0,-0.18603810587888533,0.4453639910420302,0.38913087604246865,0.7846132167855266,0.04028219913602912,0.010088003076527224,-0.003298672286269283,-8.394492399999999,0.81395195,5.903603299999999
1788871003.155272,1.667,3.0,0.0,3,,236,114.49988622530891,-60.430342174478454,0.0,0.0,0.0,144.0,1.0,58.79542921716185,0.0,0.0,0.0,78.6257227838775,nan,0.0,0.606,0.0,0.0,0.0,0.0,0.0,3.0,3.0,nan,0.0,0.0,0.0,0.0,0.0,nan,nan,,,0,0.8742845058441162,-1,290,True,True,False,"A:1,B:1,ESTOP:0,MODE:1",DRIVE_HEADING,0,,,,,,-1.0,-1.0,False,36.96822083,127.87342454166667,-5.622,1,0.030625000000000006,36.96819384333333,127.87344098833333,2.0,0.4031776666641236,1.0,0.0,0.45635533332824707,0.0,nan,nan,0.0,246.0,0.0,-0.18590623796590838,0.4455005476955432,0.3889323919929369,0.7846653599764595,-0.034714598822167216,-0.04024729255098924,0.010576695267085637,-7.8845466,2.26533615,4.36395925
1788871003.205226,1.717,3.0,0.0,3,,189,114.49988622530891,-60.430342174478454,0.0,0.0,0.0,144.0,1.0,58.79542921716185,0.0,0.0,0.0,78.6257227838775,nan,0.0,0.385,0.0,0.0,0.0,0.0,0.0,3.0,3.0,nan,0.0,0.0,0.0,0.0,0.0,nan,nan,,,0,0.7105851769447327,-1,169,True,True,False,"A:1,B:1,ESTOP:0,MODE:1",DRIVE_HEADING,0,,,,,,-1.0,-1.0,False,36.96822083,127.87342454166667,-5.622,1,0.030625000000000006,36.96819384333333,127.87344098833333,2.0,0.42818813323974614,1.0,0.0,0.5063762664794922,0.0,nan,nan,0.0,246.0,0.0,-0.18614601429686795,0.44550609344989167,0.3889506892364746,0.7845962932635343,0.020106192982974676,0.03220132469929538,0.006719517620178169,-9.01231135,0.48052585,7.18827445
1788871003.255254,1.767,3.0,0.0,3,,189,114.49988622530891,-60.430342174478454,0.0,0.0,0.0,144.0,1.0,58.79542921716185,0.0,0.0,0.0,78.6257227838775,nan,0.0,1.142,0.0,0.0,0.0,0.0,0.0,3.0,3.0,nan,0.0,0.0,0.0,0.0,0.0,nan,nan,,,0,0.7484654784202576,-1,204,True,True,False,"A:1,B:1,ESTOP:0,MODE:1",DRIVE_HEADING,0,,,,,,-1.0,-1.0,False,36.96822083,127.87342454166667,-5.622,1,0.030625000000000006,36.96819384333333,127.87344098833333,2.0,0.4531723737716675,1.0,0.0,0.556344747543335,0.0,nan,nan,0.0,246.0,0.0,-0.1862847798192445,0.44565685462583177,0.38902017725236404,0.7844432741908399,0.0027925268031909274,0.021676989309769572,0.019931660057775243,-6.854848349999999,-0.3138128,3.0400614999999998
1788871003.305228,1.817,3.0,0.0,3,,189,114.49988622530891,-60.430342174478454,0.0,0.0,0.0,144.0,1.0,58.79542921716185,0.0,0.0,0.0,78.6257227838775,nan,0.0,-1.469,0.0,0.0,0.0,0.0,0.0,3.0,3.0,nan,0.0,0.0,0.0,0.0,0.0,nan,nan,,,0,0.9519284963607788,-1,243,True,True,False,"A:1,B:1,ESTOP:0,MODE:1",DRIVE_HEADING,0,,,,,,-1.0,-1.0,False,36.96823495333334,127.87341646833333,-5.535,1,0.030625000000000006,36.96819384333333,127.87344098833333,2.0,0.47813861370086674,1.0,0.0,0.6062772274017334,0.0,nan,nan,0.0,247.0,0.0,-0.1862345042700685,0.44544307490618795,0.3889773566994051,0.7845978539433726,-0.017383479349863524,-0.0054105206811824215,-0.0256388867117967,-10.002782999999999,0.55897905,4.697385349999999
1788871003.355202,1.867,3.0,0.0,3,,189,114.49988622530891,-60.430342174478454,0.0,0.0,0.0,144.0,1.0,58.79542921716185,0.0,0.0,0.0,78.6257227838775,nan,0.0,0.103,0.0,0.0,0.0,0.0,0.0,3.0,3.0,nan,0.0,0.0,0.0,0.0,0.0,nan,nan,,,0,1.0471783876419067,-1,169,True,True,False,"A:1,B:1,ESTOP:0,MODE:1",DRIVE_HEADING,0,,,,,,-1.0,-1.0,False,36.96823495333334,127.87341646833333,-5.535,1,0.030625000000000006,36.96819384333333,127.87344098833333,2.0,0.5031722068786622,1.0,0.0,0.6563444137573242,0.0,nan,nan,0.0,247.0,0.0,-0.18608209689991873,0.44582638806002284,0.3886147551997859,0.7845959832701755,-0.0009599310885968813,0.0061959188445798695,0.0017976891295541594,-7.698220249999999,-0.35303939999999995,3.7657536
1788871003.405229,1.917,3.0,0.0,3,,199,114.49988622530891,-60.430342174478454,0.0,0.0,0.0,144.0,1.0,58.79542921716185,0.0,0.0,0.0,78.6257227838775,nan,0.0,1.265,0.0,0.0,0.0,0.0,0.0,3.0,3.0,nan,0.0,0.0,0.0,0.0,0.0,nan,nan,,,1,1.0261610746383667,-1,170,True,True,False,"A:1,B:1,ESTOP:0,MODE:1",DRIVE_HEADING,0,,,,,,-1.0,-1.0,False,36.96823495333334,127.87341646833333,-5.535,1,0.030625000000000006,36.96819384333333,127.87344098833333,2.0,0.5281906604766846,1.0,0.0,0.7063813209533691,0.0,nan,nan,0.0,247.0,0.0,-0.18624211582869585,0.44591623606628705,0.3884638603387002,0.7845816808432892,0.025237460983838004,0.011833332328521556,0.022078415037728265,-9.022118,0.29419949999999995,5.727083599999999
1788871003.455222,1.967,3.0,0.0,3,,189,114.49988622530891,-60.430342174478454,0.0,0.0,0.0,144.0,1.0,58.79542921716185,0.0,0.0,0.0,78.6257227838775,nan,0.0,0.443,0.0,0.0,0.0,0.0,0.0,3.0,3.0,nan,0.0,0.0,0.0,0.0,0.0,nan,nan,,,0,0.9548237323760986,-1,171,True,True,False,"A:1,B:1,ESTOP:0,MODE:1",DRIVE_HEADING,0,,,,,,-1.0,-1.0,False,36.96823495333334,127.87341646833333,-5.535,1,0.030625000000000006,36.96819384333333,127.87344098833333,2.0,0.553191351890564,1.0,0.0,0.7563827037811279,0.0,nan,nan,0.0,247.0,0.0,-0.18599647518716003,0.4460357347503297,0.3886943928049456,0.7844578405151423,-0.02764601535159018,0.0014660765716752368,0.00773180858633488,-7.18827445,2.36340265,6.089929649999999
1788871003.505262,2.017,3.0,0.0,3,,189,114.49988622530891,-60.430342174478454,0.0,0.0,0.0,144.0,1.0,58.79542921716185,0.0,0.0,0.0,78.6257227838775,nan,0.0,0.495,0.0,0.0,0.0,0.0,0.0,3.0,3.0,nan,0.0,0.0,0.0,0.0,0.0,nan,nan,,,1,0.6630609631538391,-1,170,True,True,False,"A:1,B:1,ESTOP:0,MODE:1",DRIVE_HEADING,0,,,,,,-1.0,-1.0,False,36.96824894666667,127.873408475,-5.395000000000003,1,0.030625000000000006,36.96819384333333,127.87344098833333,2.0,0.5781429290771485,1.0,0.0,0.8062858581542969,0.0,nan,nan,0.0,248.0,0.0,-0.18611701517238377,0.44593830286665226,0.38859095830593154,0.7845358843434826,0.007260569688296411,0.012252211349000192,0.008639379797371931,-8.26700595,1.0002783,9.1790244
1788871003.555242,2.067,3.0,0.0,3,,231,114.49988622530891,-60.430342174478454,0.0,0.5,0.0,144.0,1.0,58.79542921716185,0.0,0.0,0.0,78.6257227838775,nan,0.0,3.031,0.0,0.0,0.0,0.0,0.0,3.0,3.0,nan,0.0,0.0,0.0,0.0,0.0,nan,nan,,,0,0.3244263529777527,-1,278,True,True,False,"A:1,B:1,ESTOP:0,MODE:1",DRIVE_HEADING,0,,,,,,-1.0,-1.0,False,36.96824894666667,127.873408475,-5.395000000000003,1,0.030625000000000006,36.96819384333333,127.87344098833333,2.0,0.6031448125839234,1.0,0.0,0.8562896251678467,0.0,nan,nan,0.0,248.0,0.0,-0.18611826149353006,0.4462705453372954,0.38843171070439575,0.7844255217815365,0.10658725741929372,0.12978268317829833,0.05290092962794813,-9.44380395,-1.6965504499999997,5.46230405
1788871003.605215,2.117,3.0,0.0,3,,189,114.49988622530891,-60.430342174478454,0.0,0.0,0.0,144.0,1.0,58.79542921716185,0.0,0.0,0.0,78.6257227838775,nan,0.0,-0.401,0.0,0.0,0.0,0.0,0.0,3.0,3.0,nan,0.0,0.0,0.0,0.0,0.0,nan,nan,,,0,1.186758279800415,-1,169,True,True,False,"A:1,B:1,ESTOP:0,MODE:1",DRIVE_HEADING,0,,,,,,-1.0,-1.0,False,36.96824894666667,127.873408475,-5.395000000000003,1,0.030625000000000006,36.96819384333333,127.87344098833333,2.0,0.628139066696167,1.0,0.0,0.906278133392334,0.0,nan,nan,0.0,248.0,0.0,-0.18600047682663579,0.44618873794214603,0.38837585883246556,0.7845276445288616,0.09902998175815826,0.05820673055401089,-0.006998770300497262,-9.757616749999999,-0.0196133,-0.08825984999999999
1788871003.655246,2.167,3.0,0.0,3,,189,114.49988622530891,-60.430342174478454,0.0,0.0,0.0,144.0,1.0,58.79542921716185,0.0,0.0,0.0,78.6257227838775,nan,0.0,-0.05899999999999999,0.0,0.0,0.0,0.0,0.0,3.0,3.0,nan,0.0,0.0,0.0,0.0,0.0,nan,nan,,,1,0.9110953211784363,-1,358,True,True,False,"A:1,B:1,ESTOP:0,MODE:1",DRIVE_HEADING,0,,,,,,-1.0,-1.0,False,36.96824894666667,127.873408475,-5.395000000000003,1,0.030625000000000006,36.96819384333333,127.87344098833333,2.0,0.6531472682952881,1.0,0.0,0.9562945365905762,0.0,nan,nan,0.0,248.0,0.0,-0.18599797310699373,0.44595958014163956,0.38835125712830126,0.7846707003366766,-0.16795303391941432,-0.08307767239493008,-0.0010297442586766543,-6.089929649999999,1.9809433,6.24683605
1788871003.705268,2.217,3.0,0.0,3,,189,114.49988622530891,-60.430342174478454,0.0,0.0,0.0,144.0,1.0,58.79542921716185,0.0,0.0,0.0,78.6257227838775,nan,0.0,-1.024,0.0,0.0,0.0,0.0,0.0,3.0,3.0,nan,0.0,0.0,0.0,0.0,0.0,nan,nan,,,1,1.0683625936508179,-1,169,True,True,False,"A:1,B:1,ESTOP:0,MODE:1",DRIVE_HEADING,0,,,,,,-1.0,-1.0,False,36.96825790166667,127.873404495,-5.344000000000001,1,0.030625000000000006,36.96819384333333,127.87344098833333,2.0,0.6531472682952881,1.0,0.0,0.9562945365905762,0.0,nan,nan,0.0,248.0,0.0,-0.18584131825085812,0.4462100485683377,0.38821481221131393,0.7846329438451837,0.1563291411011321,0.05504768460790115,-0.017872171540421936,-9.659550249999999,0.5197524499999999,4.89351835
1788871003.755241,2.267,3.0,0.0,3,,195,114.49988622530891,-60.430342174478454,0.0,0.5,0.0,144.0,1.0,58.79542921716185,0.0,0.0,0.0,78.6257227838775,nan,0.0,0.701,0.0,0.0,0.0,0.0,0.0,3.0,3.0,nan,0.0,0.0,0.0,0.0,0.0,nan,nan,,,1,1.0706915855407715,-1,247,True,True,False,"A:1,B:1,ESTOP:0,MODE:1",DRIVE_HEADING,0,,,,,,-1.0,-1.0,False,36.96825790166667,127.873404495,-5.344000000000001,1,0.030625000000000006,36.96819384333333,127.87344098833333,2.0,0.6531472682952881,1.0,0.0,0.9562945365905762,0.0,nan,nan,0.0,248.0,0.0,-0.18583597530224136,0.4460020592813355,0.3883556213443716,0.7846827797081442,-0.026494098045273924,0.004345869837465881,0.01223475805648025,-9.67916355,-1.96133,5.570177199999999
1788871003.805215,2.317,3.0,0.0,3,,194,114.49988622530891,-60.430342174478454,0.0,0.5,0.0,144.0,1.0,58.79542921716185,0.0,0.0,0.0,78.6257227838775,nan,0.0,0.513,0.0,0.0,0.0,0.0,0.0,3.0,3.0,nan,0.0,0.0,0.0,0.0,0.0,nan,nan,,,1,1.1979440450668335,-1,177,True,True,False,"A:1,B:1,ESTOP:0,MODE:1",DRIVE_HEADING,0,,,,,,-1.0,-1.0,False,36.96825790166667,127.873404495,-5.344000000000001,1,0.030625000000000006,36.96819384333333,127.87344098833333,2.0,0.6531472682952881,1.0,0.0,0.9562945365905762,0.0,nan,nan,0.0,248.0,0.0,-0.1858302804307863,0.4460614103195852,0.38827484589313654,0.7846903651411676,-0.07939502767322205,-0.0113271868454432,0.00895353906273091,-7.7080269,0.35303939999999995,4.020726499999999
1788871003.855229,2.367,3.0,0.0,3,,189,114.49988622530891,-60.430342174478454,0.0,0.5,0.0,144.0,1.0,58.79542921716185,0.0,0.0,0.0,78.6257227838775,nan,0.0,-0.544,0.0,0.0,0.0,0.0,0.0,3.0,3.0,nan,0.0,0.0,0.0,0.0,0.0,nan,nan,,,2,1.1881670951843262,-1,182,True,True,False,"A:1,B:1,ESTOP:0,MODE:1",DRIVE_HEADING,0,,,,,,-1.0,-1.0,False,36.96825790166667,127.873404495,-5.344000000000001,1,0.030625000000000006,36.96819384333333,127.87344098833333,2.0,0.6531472682952881,1.0,0.0,0.9562945365905762,0.0,nan,nan,0.0,248.0,0.0,-0.1858731603016486,0.44621375144430264,0.38826106624440454,0.7846004083227575,0.031101767270538955,0.016493361431346415,-0.009494591130849153,-9.0025047,-1.1179581,6.138962899999999
1788871003.905210,2.417,0.0,0.0,0,,189,110.92063449877325,-52.406433277824064,0.0,0.5,0.0,144.0,1.0,67.41181578218459,0.0,0.0,0.0,87.20319670157343,nan,0.0,-0.296,0.0,0.0,0.0,0.0,0.0,3.0,3.0,nan,0.0,0.0,0.0,0.0,0.0,nan,nan,,,2,1.3189020156860352,-1,168,True,True,False,"A:1,B:1,ESTOP:0,MODE:1",DRIVE_HEADING,0,,"📍 출발 WP 1/144 (최근접 67.41m) | 🧭 헤딩 확정 +114.0° (±0.1°, 8.79m, 2점, 잔차 0.0cm)  ⚠️(최대거리 도달 — 정확도 미달인 채 확정)",,,,-1.0,-1.0,False,36.968265923333334,127.873400745,-5.280000000000001,1,0.030625000000000006,36.968265923333334,127.873400745,2.0,0.17500000000000002,1.0,1.0,0.0,0.0,nan,nan,0.0,249.0,0.0,-0.18569145390464745,0.44609511076409314,0.3880655953792064,0.7848075750030269,0.010576695267085637,0.015027284859671176,-0.005166174585903215,-8.835791649999999,-0.1372931,4.95235825
1788871003.955220,2.467,0.0,0.0,0,2,189,110.92063449877325,-52.406433277824064,114.02562319953182,1.0,1.0,144.0,1.0,67.41181578218459,0.0,0.0,0.0,87.20319670157343,nan,0.0,0.607,0.0,114.04037554938533,0.1304246451464656,0.0,8.786020538544056,0.0,0.0,nan,0.0,0.0,0.0,0.0,0.0,nan,nan,,,2,1.5127657651901245,-1,169,True,True,False,"A:1,B:1,ESTOP:0,MODE:1",DRIVE_RUN,0,,"⛔ 경로이탈 안전정지 — CTE +67.41m (한계 2.0m), 정지 + 리니어 2단",,,,-1.0,-1.0,False,36.968265923333334,127.873400745,-5.280000000000001,1,0.030625000000000006,36.968265923333334,127.873400745,2.0,0.20406620502471925,1.0,0.0,0.05813241004943848,0.0,nan,nan,0.0,249.0,0.0,-0.18569265999969475,0.44626104147642354,0.3879215939638047,0.7847841460039802,0.032969269570172884,0.060720004676882725,0.01059414855960558,-8.070872949999998,0.8237586,3.5598139499999997
1788871004.005206,2.517,0.0,0.0,0,2,190,110.92063449877325,-52.406433277824064,114.05613525707463,1.0,1.0,144.0,1.0,67.41181578218459,0.0,0.0,0.0,87.20319670157343,nan,0.0,1.021,1.0,114.04037554938533,0.1304246451464656,0.0,8.786020538544056,0.0,0.0,nan,0.0,0.0,0.0,0.0,0.0,nan,nan,,,2,1.6032947301864624,-1,146,True,True,False,"A:1,B:1,ESTOP:0,MODE:1",DRIVE_DONE,0,,,,,,-1.0,-1.0,False,36.968265923333334,127.873400745,-5.280000000000001,1,0.030625000000000006,36.968265923333334,127.873400745,2.0,0.2290667772293091,1.0,0.0,0.10813355445861816,0.0,nan,nan,0.0,249.0,0.0,-0.1857510730149787,0.44641296569878186,0.38789369268736706,0.7846977036433589,-0.0182212373908208,0.032183871406775436,0.017819811662862103,-7.9237732,1.8240368999999999,4.020726499999999
1788871004.055234,2.567,0.0,0.0,0,2,235,110.92063449877325,-52.406433277824064,114.10742425210219,1.0,1.0,144.0,1.0,67.41181578218459,0.0,0.0,0.0,87.20319670157343,nan,0.0,-0.264,1.0,114.04037554938533,0.1304246451464656,0.0,8.786020538544056,0.0,0.0,nan,0.0,0.0,0.0,0.0,0.0,nan,nan,,,0,1.709275245666504,-1,157,True,True,False,"A:1,B:1,ESTOP:0,MODE:1",DRIVE_DONE,0,,,,,,-1.0,-1.0,False,36.968265923333334,127.873400745,-5.280000000000001,1,0.030625000000000006,36.968265923333334,127.873400745,2.0,0.2540648460388184,1.0,0.0,0.15812969207763672,0.0,nan,nan,0.0,249.0,0.0,-0.18562138380947307,0.44642822970822205,0.3880132134537985,0.7846606169405319,0.024748768793279592,-0.018465583486100008,-0.004607669225265031,-9.1594111,0.18632634999999997,5.1190713
1788871004.105220,2.617,0.0,0.0,0,2,247,110.92063449877325,-52.406433277824064,114.09427329690197,1.0,1.0,144.0,1.0,67.41181578218459,0.0,0.0,0.0,87.20319670157343,nan,0.0,1.003,1.0,114.04037554938533,0.1304246451464656,0.0,8.786020538544056,0.0,0.0,nan,0.0,0.0,0.0,0.0,0.0,nan,nan,,,1,1.4892518520355225,-1,159,True,True,False,"A:1,B:1,ESTOP:0,MODE:1",DRIVE_DONE,0,,,,,,-1.0,-1.0,False,36.96827345,127.873396755,-5.235000000000003,1,0.030625000000000006,36.96827345,127.873396755,2.0,0.17500000000000002,1.0,1.0,0.0,0.0,nan,nan,0.0,249.0,0.0,-0.18567762390562853,0.44677083174153953,0.3879227010287083,0.7844970502891163,-0.02652900463031381,0.010314895879286487,0.017505652397503124,-9.934136449999999,-0.3334261,8.0218397
1788871004.155235,2.667,0.0,0.0,0,2,403,110.56576294134368,-51.56856857740037,114.14440124876239,0.5,1.0,144.0,1.0,68.3095841038212,0.0,0.0,0.0,88.09019808587901,nan,0.0,0.598,1.0,114.04037554938533,0.1304246451464656,0.0,8.786020538544056,0.0,0.0,nan,0.0,0.0,0.0,0.0,0.0,nan,nan,,,1,1.4949613809585571,-1,159,True,True,False,"A:1,B:1,ESTOP:0,MODE:1",DRIVE_DONE,0,,,,,,-1.0,-1.0,False,36.96827345,127.873396755,-5.235000000000003,1,0.030625000000000006,36.96827345,127.873396755,2.0,0.2003868103027344,1.0,0.0,0.05077362060546875,0.0,nan,nan,0.0,249.0,0.0,-0.18566723177403355,0.44646105504182926,0.3876796030734077,0.7847959803268294,0.08349655141540872,0.029967303256742638,0.01043706892692609,-7.482473949999999,0.45110589999999995,4.6679654
1788871004.205239,2.717,0.0,0.0,0,2,601,110.56576294134368,-51.56856857740037,114.17443139059287,0.5,1.0,144.0,1.0,68.3095841038212,0.0,0.0,0.0,88.09019808587901,nan,0.0,-0.539,1.0,114.04037554938533,0.1304246451464656,0.0,8.786020538544056,0.0,0.0,nan,0.0,0.0,0.0,0.0,0.0,nan,nan,,,1,1.3982490301132202,-1,159,True,True,False,"A:1,B:1,ESTOP:0,MODE:1",DRIVE_DONE,0,,,,,,-1.0,-1.0,False,36.96827345,127.873396755,-5.235000000000003,1,0.030625000000000006,36.96827345,127.873396755,2.0,0.22536127567291261,1.0,0.0,0.1007225513458252,0.0,nan,nan,0.0,249.0,0.0,-0.18549357304469374,0.4466143265540066,0.3876700062555494,0.7847545756003251,-0.02181661564992912,-0.010559241974565694,-0.009407324668249437,-7.296147599999999,1.32389775,4.95235825
1788871004.255239,2.767,0.0,0.0,0,2,851,110.56576294134368,-51.56856857740037,114.14752845008115,0.5,1.0,144.0,1.0,68.3095841038212,0.0,0.0,0.0,88.09019808587901,nan,0.0,-0.64,1.0,114.04037554938533,0.1304246451464656,0.0,8.786020538544056,0.0,0.0,nan,0.0,0.0,0.0,0.0,0.0,nan,nan,,,1,1.2556824684143066,-1,170,True,True,False,"A:1,B:1,ESTOP:0,MODE:1",DRIVE_DONE,0,,,,,,-1.0,-1.0,False,36.96827345,127.873396755,-5.235000000000003,1,0.030625000000000006,36.96827345,127.873396755,2.0,0.25036172866821294,1.0,0.0,0.15072345733642578,0.0,nan,nan,0.0,249.0,0.0,-0.18566457861567034,0.4468263019670427,0.38759273958319007,0.7846316258858805,0.005811946409141118,-0.022008601867648494,-0.01117010721276371,-8.38468575,0.30400615,6.3154826
1788871004.305244,2.817,0.0,0.0,0,2,867,110.22363948414576,-50.79359938854658,114.0783297101616,0.5,1.0,144.0,1.0,69.14354741666031,0.0,0.0,0.0,88.91912539811212,113.37185168635739,-0.03718305388443071,-0.447,1.0,114.04037554938533,0.1304246451464656,0.0,8.786020538544056,0.0,0.0,nan,0.0,0.0,0.0,0.0,0.0,nan,nan,,,0,0.4538864493370056,-1,170,True,True,False,"A:1,B:1,ESTOP:0,MODE:1",DRIVE_DONE,0,,,,,,-1.0,-1.0,False,36.96828041166667,127.87339290833333,-5.172000000000001,1,0.030625000000000006,36.96828041166667,127.87339290833333,2.0,0.17500000000000002,1.0,1.0,0.0,0.0,15.764458989863416,nan,0.0,249.0,0.0,-0.18584394528989714,0.44756607523734565,0.38731726963254204,0.7843034928776725,-0.006352998477259359,-0.0829205927622506,-0.007801621756414653,-5.28578435,0.28439285,9.973363049999998
1788871004.355204,2.867,0.0,0.0,0,2,867,110.22363948414576,-50.79359938854658,114.05601287571182,0.5,1.0,144.0,1.0,69.14354741666031,0.0,0.0,0.0,88.91912539811212,113.37185168635739,-0.03718305388443071,-0.268,1.0,114.04037554938533,0.1304246451464656,0.0,8.786020538544056,0.0,0.0,nan,0.0,0.0,0.0,0.0,0.0,nan,nan,,,0,0.6442409157752991,-1,170,True,True,False,"A:1,B:1,ESTOP:0,MODE:1",DRIVE_DONE,0,,,,,,-1.0,-1.0,False,36.96828041166667,127.87339290833333,-5.172000000000001,1,0.030625000000000006,36.96828041166667,127.87339290833333,2.0,0.20363466739654543,1.0,0.0,0.05726933479309082,0.0,15.764458989863416,nan,0.0,249.0,0.0,-0.18526526835389845,0.44640670414868455,0.38735319941256935,0.7850830107305297,-0.044261549830576195,-0.017680185322702557,-0.004677482395344803,-4.8640984,0.61781895,7.63938035
1788871004.405230,2.917,0.0,0.0,0,2,867,110.22363948414576,-50.79359938854658,114.04269972339858,0.0,1.0,144.0,1.0,69.14354741666031,0.0,0.0,0.0,88.91912539811212,113.37185168635739,-0.03718305388443071,0.912,1.0,114.04037554938533,0.1304246451464656,0.0,8.786020538544056,0.0,0.0,nan,0.0,0.0,0.0,0.0,0.0,nan,nan,,,0,0.8852908611297607,-1,170,True,True,False,"A:1,B:1,ESTOP:0,MODE:1",DRIVE_DONE,0,,,,,,-1.0,-1.0,False,36.96828041166667,127.87339290833333,-5.172000000000001,1,0.030625000000000006,36.96828041166667,127.87339290833333,2.0,0.22867279052734377,1.0,0.0,0.1073455810546875,0.0,15.764458989863416,nan,0.0,249.0,0.0,-0.18540890160074053,0.4463245909919295,0.38726329949619054,0.7851401375209508,0.02918190509334519,0.03408628029144926,0.015917402778188285,-7.6295737,0.5687857,6.6881353
1788871004.455212,2.967,0.0,0.0,0,2,867,110.22363948414576,-50.79359938854658,114.08935251346816,0.0,1.0,144.0,1.0,69.14354741666031,0.0,0.0,0.0,88.91912539811212,113.37185168635739,-0.03718305388443071,-0.117,1.0,114.04037554938533,0.1304246451464656,0.0,8.786020538544056,0.0,0.0,nan,0.0,0.0,0.0,0.0,0.0,nan,nan,,,0,0.5545004606246948,-1,170,True,True,False,"A:1,B:1,ESTOP:0,MODE:1",DRIVE_DONE,0,,,,,,-1.0,-1.0,False,36.96828041166667,127.87339290833333,-5.172000000000001,1,0.030625000000000006,36.96828041166667,127.87339290833333,2.0,0.25364522933959965,1.0,0.0,0.15729045867919922,0.0,15.764458989863416,nan,0.0,249.0,0.0,-0.1850824648278886,0.44544065685310164,0.38764724275641316,0.7855295778128671,0.003490658503988659,-0.060004419683565055,-0.0020420352248333657,-9.875296549999998,0.10787314999999999,3.0890947499999997
1788871004.505238,3.017,0.0,0.0,0,2,867,109.85038694351714,-50.13310374310062,114.08360801783789,0.0,1.0,144.0,1.0,69.87419603569174,0.0,0.0,0.0,89.6734032610097,113.37185168635739,-0.03718305388443071,-0.084,1.0,114.04037554938533,0.1304246451464656,0.0,8.786020538544056,0.0,0.0,nan,0.0,0.0,0.0,0.0,0.0,nan,nan,,,0,0.30960148572921753,-1,170,True,True,False,"A:1,B:1,ESTOP:0,MODE:1",DRIVE_DONE,0,,,,,,-1.0,-1.0,False,36.968286345,127.87338871166666,-5.114000000000001,1,0.030625000000000006,36.968286345,127.87338871166666,2.0,0.17500000000000002,1.0,1.0,0.0,0.0,14.712654218733856,116.48975764839993,0.0,249.0,0.0,-0.1849171835254197,0.4456091388134829,0.38753703020383046,0.7855273266180672,0.007504915783575617,0.07073819458333018,-0.0014660765716752368,-9.60071035,1.4415775499999999,3.7167203499999997
1788871004.555235,3.067,0.0,0.0,0,2,867,109.85038694351714,-50.13310374310062,114.07939630595433,0.0,1.0,144.0,1.0,69.87419603569174,0.0,0.0,0.0,89.6734032610097,113.37185168635739,-0.03718305388443071,-0.254,1.0,114.04037554938533,0.1304246451464656,0.0,8.786020538544056,0.0,0.0,nan,0.0,0.0,0.0,0.0,0.0,nan,nan,,,0,0.31408461928367615,-1,170,True,True,False,"A:1,B:1,ESTOP:0,MODE:1",DRIVE_DONE,0,,,,,,-1.0,-1.0,False,36.968286345,127.87338871166666,-5.114000000000001,1,0.030625000000000006,36.968286345,127.87338871166666,2.0,0.20416336059570314,1.0,0.0,0.05832672119140625,0.0,14.712654218733856,116.48975764839993,0.0,249.0,0.0,-0.18512677578095138,0.44648905134255085,0.38735343096061947,0.7850687380371322,-0.030630528372500482,-0.06145304296272034,-0.004433136300065597,-7.8649333,0.6668522,6.129156249999999
1788871004.605224,3.117,0.0,0.0,0,2,867,109.85038694351714,-50.13310374310062,114.06667530432924,0.0,1.0,144.0,1.0,69.87419603569174,0.0,0.0,0.0,89.6734032610097,113.37185168635739,-0.03718305388443071,-0.155,1.0,114.04037554938533,0.1304246451464656,0.0,8.786020538544056,0.0,0.0,nan,0.0,0.0,0.0,0.0,0.0,nan,nan,,,0,0.3228682279586792,-1,170,True,True,False,"A:1,B:1,ESTOP:0,MODE:1",DRIVE_DONE,0,,,,,,-1.0,-1.0,False,36.968286345,127.87338871166666,-5.114000000000001,1,0.030625000000000006,36.968286345,127.87338871166666,2.0,0.22917585372924806,1.0,0.0,0.1083517074584961,0.0,14.712654218733856,116.48975764839993,0.0,249.0,0.0,-0.18449472040165957,0.4446740932777786,0.38784991155697196,0.7860019688377048,-0.00783652834145454,-0.04298745947662034,-0.0027052603405912107,-7.2765343,0.43149259999999995,4.658158749999999
1788871004.655234,3.167,0.0,0.0,0,2,867,109.85038694351714,-50.13310374310062,114.05897387043223,0.0,1.0,144.0,1.0,69.87419603569174,0.0,0.0,0.0,89.6734032610097,113.37185168635739,-0.03718305388443071,0.06,1.0,114.04037554938533,0.1304246451464656,0.0,8.786020538544056,0.0,0.0,nan,0.0,0.0,0.0,0.0,0.0,nan,nan,,,0,0.38801953196525574,-1,170,True,True,False,"A:1,B:1,ESTOP:0,MODE:1",DRIVE_DONE,0,,,,,,-1.0,-1.0,False,36.968286345,127.87338871166666,-5.114000000000001,1,0.030625000000000006,36.968286345,127.87338871166666,2.0,0.2541583061218262,1.0,0.0,0.15831661224365234,0.0,14.712654218733856,116.48975764839993,0.0,249.0,0.0,-0.185052220751208,0.4460731054687641,0.38738472756486275,0.7853072857308763,0.013264502315156905,0.109571770440204,0.0010471975511965976,-8.60043205,0.392266,5.93302325
1788871004.705209,3.217,0.0,0.0,0,2,867,110.19547507562844,-50.07688740073997,114.06197943226084,0.0,1.0,144.0,1.0,69.84651726213657,0.0,0.0,0.0,89.51872504014663,113.37185168635739,-0.03718305388443071,0.255,1.0,114.04037554938533,0.1304246451464656,0.0,8.786020538544056,0.0,0.0,nan,0.0,0.0,0.0,0.0,0.0,nan,nan,,,0,0.36131778359413147,-1,170,True,True,False,"A:1,B:1,ESTOP:0,MODE:1",DRIVE_DONE,0,,,,,,-1.0,-1.0,False,36.96828685,127.87339259166667,-5.143000000000001,1,0.030625000000000006,36.96828685,127.87339259166667,2.0,0.17500000000000002,1.0,1.0,0.0,0.0,6.432361803140012,116.48975764839993,0.0,249.0,0.0,-0.18523641913862193,0.44613535970102863,0.38740935825258227,0.785216338971278,-0.02398082392240209,-0.07305948248848264,0.00445058959258554,-8.8063717,0.48052585,5.0013914999999995
1788871004.755204,3.267,0.0,0.0,0,2,867,110.19547507562844,-50.07688740073997,114.07472498193965,0.0,1.0,144.0,1.0,69.84651726213657,0.0,0.0,0.0,89.51872504014663,113.37185168635739,-0.03718305388443071,0.04,1.0,114.04037554938533,0.1304246451464656,0.0,8.786020538544056,0.0,0.0,nan,0.0,0.0,0.0,0.0,0.0,nan,nan,,,0,0.3449978232383728,-1,170,True,True,False,"A:1,B:1,ESTOP:0,MODE:1",DRIVE_DONE,0,,,,,,-1.0,-1.0,False,36.96828685,127.87339259166667,-5.143000000000001,1,0.030625000000000006,36.96828685,127.87339259166667,2.0,0.20292179584503175,1.0,0.0,0.05584359169006348,0.0,6.432361803140012,116.48975764839993,0.0,249.0,0.0,-0.18509975655658978,0.4453673994651903,0.3876090073969944,0.7855859068243407,-0.013229595730117017,0.014119713648634126,0.0006981317007977319,-8.129712849999999,0.48052585,4.5502856
1788871004.805238,3.317,0.0,0.0,0,2,867,110.19547507562844,-50.07688740073997,114.0767162920593,0.0,1.0,144.0,1.0,69.84651726213657,0.0,0.0,0.0,89.51872504014663,113.37185168635739,-0.03718305388443071,0.003,1.0,114.04037554938533,0.1304246451464656,0.0,8.786020538544056,0.0,0.0,nan,0.0,0.0,0.0,0.0,0.0,nan,nan,,,0,0.36674439907073975,-1,170,True,True,False,"A:1,B:1,ESTOP:0,MODE:1",DRIVE_DONE,0,,,,,,-1.0,-1.0,False,36.96828685,127.87339259166667,-5.143000000000001,1,0.030625000000000006,36.96828685,127.87339259166667,2.0,0.2279228448867798,1.0,0.0,0.10584568977355957,0.0,6.432361803140012,116.48975764839993,0.0,249.0,0.0,-0.18530479521936385,0.4462198036474681,0.3873720622134016,0.7851706216600703,0.010314895879286487,0.01884955592153876,5.235987755982989e-05,-8.1787461,0.55897905,5.815343449999999
1788871004.855212,3.367,0.0,0.0,0,2,867,110.19547507562844,-50.07688740073997,114.07686678615795,0.0,1.0,144.0,1.0,69.84651726213657,0.0,0.0,0.0,89.51872504014663,113.37185168635739,-0.03718305388443071,-0.18,1.0,114.04037554938533,0.1304246451464656,0.0,8.786020538544056,0.0,0.0,nan,0.0,0.0,0.0,0.0,0.0,nan,nan,,,0,0.36741799116134644,-1,170,True,True,False,"A:1,B:1,ESTOP:0,MODE:1",DRIVE_DONE,0,,,,,,-1.0,-1.0,False,36.96828685,127.87339259166667,-5.143000000000001,1,0.030625000000000006,36.96828685,127.87339259166667,2.0,0.2529645442962647,1.0,0.0,0.1559290885925293,0.0,6.432361803140012,116.48975764839993,0.0,249.0,0.0,-0.1849536721696868,0.44565741572476897,0.3876289128467199,0.7854460088928701,0.003682644721708035,-0.03652974124424132,-0.003141592653589793,-8.26700595,0.45110589999999995,4.962164899999999
1788871004.905237,3.417,0.0,0.0,0,2,867,110.44732418834948,-49.866122498134004,114.06788923946607,0.0,1.0,144.0,1.0,69.99251451256191,0.0,0.0,0.0,89.54518076003082,113.37185168635739,-0.03718305388443071,-0.267,1.0,114.04037554938533,0.1304246451464656,0.0,8.786020538544056,0.0,0.0,nan,0.0,0.0,0.0,0.0,0.0,nan,nan,,,0,0.34165260195732117,-1,170,True,True,False,"A:1,B:1,ESTOP:0,MODE:1",DRIVE_DONE,0,,,,,,-1.0,-1.0,False,36.96828874333333,127.87339542333333,-5.131,1,0.030625000000000006,36.96828874333333,127.87339542333333,2.0,0.17500000000000002,1.0,1.0,0.0,0.0,5.8611326503609025,116.48975764839993,0.0,249.0,0.0,-0.18495468697203638,0.4459152562885382,0.38754262563002173,0.7853420027580291,0.006667157742618339,0.013264502315156905,-0.00466002910282486,-8.404299049999999,0.63743225,5.03081145
1788871004.955215,3.467,0.0,0.0,0,2,867,110.44732418834948,-49.866122498134004,114.05449195448148,0.0,1.0,144.0,1.0,69.99251451256191,0.0,0.0,0.0,89.54518076003082,113.37185168635739,-0.03718305388443071,0.203,1.0,114.04037554938533,0.1304246451464656,0.0,8.786020538544056,0.0,0.0,nan,0.0,0.0,0.0,0.0,0.0,nan,nan,,,0,0.35407182574272156,-1,170,True,True,False,"A:1,B:1,ESTOP:0,MODE:1",DRIVE_DONE,0,,,,,,-1.0,-1.0,False,36.96828874333333,127.87339542333333,-5.131,1,0.030625000000000006,36.96828874333333,127.87339542333333,2.0,0.20334224700927736,1.0,0.0,0.05668449401855469,0.0,5.8611326503609025,116.48975764839993,0.0,249.0,0.0,-0.18507766806285134,0.4460411384373387,0.3875053569449376,0.78525993017912,-0.003420845333908886,-0.0043982297150257105,0.003543018381548489,-8.070872949999998,0.4903325,5.28578435
1788871005.005221,3.517,0.0,0.0,0,2,867,110.44732418834948,-49.866122498134004,114.06463937965617,0.0,1.0,144.0,1.0,69.99251451256191,0.0,0.0,0.0,89.54518076003082,113.37185168635739,-0.03718305388443071,0.191,1.0,114.04037554938533,0.1304246451464656,0.0,8.786020538544056,0.0,0.0,nan,0.0,0.0,0.0,0.0,0.0,nan,nan,,,0,0.36350294947624207,-1,170,True,True,False,"A:1,B:1,ESTOP:0,MODE:1",DRIVE_DONE,0,,,,,,-1.0,-1.0,False,36.96828874333333,127.87339542333333,-5.131,1,0.030625000000000006,36.96828874333333,127.87339542333333,2.0,0.22831993103027345,1.0,0.0,0.10663986206054688,0.0,5.8611326503609025,116.48975764839993,0.0,249.0,0.0,-0.18502030578513784,0.4458892428564167,0.38754292905194165,0.7853411664327469,-0.0023212879051524586,0.006230825429619756,0.0033335788713091696,-8.159132799999998,0.50013915,5.2563644
1788871005.055215,3.567,0.0,0.0,0,2,867,110.44732418834948,-49.866122498134004,114.07416186562762,0.0,1.0,144.0,1.0,69.99251451256191,0.0,0.0,0.0,89.54518076003082,113.37185168635739,-0.03718305388443071,0.307,1.0,114.04037554938533,0.1304246451464656,0.0,8.786020538544056,0.0,0.0,nan,0.0,0.0,0.0,0.0,0.0,nan,nan,,,0,0.35113388299942017,-1,170,True,True,False,"A:1,B:1,ESTOP:0,MODE:1",DRIVE_DONE,0,,,,,,-1.0,-1.0,False,36.96828874333333,127.87339542333333,-5.131,1,0.030625000000000006,36.96828874333333,127.87339542333333,2.0,0.2533185958862305,1.0,0.0,0.15663719177246094,0.0,5.8611326503609025,116.48975764839993,0.0,249.0,0.0,-0.18498436690854136,0.44603919480143955,0.387525465284112,0.7852730954621215,0.0006108652381980154,0.010297442586766544,0.005358160803622592,-8.3356525,0.6080123,5.2367511
1788871005.105206,3.617,0.0,0.0,0,2,867,110.44732418834948,-49.866122498134004,114.08954822865712,0.0,1.0,144.0,1.0,69.99251451256191,0.0,0.0,0.0,89.54518076003082,113.37185168635739,-0.03718305388443071,-0.009,1.0,114.04037554938533,0.1304246451464656,0.0,8.786020538544056,0.0,0.0,nan,0.0,0.0,0.0,0.0,0.0,nan,nan,,,0,0.3345818519592285,-1,170,True,True,False,"A:1,B:1,ESTOP:0,MODE:1",DRIVE_DONE,0,,,,,,-1.0,-1.0,False,36.96829091833333,127.87339857166667,-5.114000000000001,1,0.030625000000000006,36.96829091833333,127.87339857166667,2.0,0.17500000000000002,1.0,1.0,0.0,0.0,6.104070409856928,116.48975764839993,0.0,249.0,0.0,-0.18497464355517357,0.4459780734967823,0.38758802711934376,0.7852792245026414,0.004782202150464463,-0.003892084231947355,-0.00015707963267948965,-8.414105699999999,0.5883989999999999,5.0406181
1788871005.155204,3.667,0.0,0.0,0,2,867,110.72733771085178,-49.62400260579534,111.71964252005495,0.0,1.0,144.0,1.0,70.16386796773412,0.0,0.0,0.0,89.58237920737693,66.7004019473537,-2.3694573140651713,0.194,1.0,114.04037554938533,0.1304246451464656,0.0,8.786020538544056,0.0,0.0,nan,0.0,0.0,0.0,0.0,0.0,nan,nan,,,0,0.35716375708580017,-1,170,True,True,False,"A:1,B:1,ESTOP:0,MODE:1",DRIVE_DONE,0,,,,,,-1.0,-1.0,False,36.96829091833333,127.87339857166667,-5.114000000000001,1,0.030625000000000006,36.96829091833333,127.87339857166667,2.0,0.19698970317840578,1.0,0.0,0.04397940635681152,0.0,6.104070409856928,116.48975764839993,0.0,249.0,0.0,-0.18505962354305314,0.44616615393704817,0.3875208032104138,0.7851855359685898,0.007278022980816354,0.011222467090323538,0.0033859387488689996,-8.18855275,0.43149259999999995,5.3152043
1788871005.205210,3.717,0.0,0.0,0,2,867,110.72733771085178,-49.62400260579534,111.72940472136418,0.0,1.0,144.0,1.0,70.16386796773412,0.0,0.0,0.0,89.58237920737693,66.7004019473537,-2.3694573140651713,0.13,1.0,114.04037554938533,0.1304246451464656,0.0,8.786020538544056,0.0,0.0,nan,0.0,0.0,0.0,0.0,0.0,nan,nan,,,0,0.38032206892967224,-1,170,True,True,False,"A:1,B:1,ESTOP:0,MODE:1",DRIVE_DONE,0,,,,,,-1.0,-1.0,False,36.96829091833333,127.87339857166667,-5.114000000000001,1,0.030625000000000006,36.96829091833333,127.87339857166667,2.0,0.2219324588775635,1.0,0.0,0.09386491775512695,0.0,6.104070409856928,116.48975764839993,0.0,249.0,0.0,-0.18503924839393177,0.4459142353783919,0.38754054876869026,0.7853236875968884,-0.0005061454830783556,-0.009459684545809267,0.0022689280275926286,-8.1983594,0.4216859499999999,5.2759777
1788871005.255217,3.767,0.0,0.0,0,2,867,110.72733771085178,-49.62400260579534,111.73588531266131,0.0,1.0,144.0,1.0,70.16386796773412,0.0,0.0,0.0,89.58237920737693,66.7004019473537,-2.3694573140651713,-0.217,1.0,114.04037554938533,0.1304246451464656,0.0,8.786020538544056,0.0,0.0,nan,0.0,0.0,0.0,0.0,0.0,nan,nan,,,0,0.37168219685554504,-1,170,True,True,False,"A:1,B:1,ESTOP:0,MODE:1",DRIVE_DONE,0,,,,,,-1.0,-1.0,False,36.96829091833333,127.87339857166667,-5.114000000000001,1,0.030625000000000006,36.96829091833333,127.87339857166667,2.0,0.24690978527069093,1.0,0.0,0.14381957054138184,0.0,6.104070409856928,116.48975764839993,0.0,249.0,0.0,-0.18501377910722935,0.4458301533226272,0.38752852868780074,0.785383355681703,0.0005235987755982988,-0.0007330382858376184,-0.003787364476827695,-8.38468575,0.57859235,5.22694445
1788871005.305204,3.817,0.0,0.0,0,2,867,111.16714719791416,-49.27742792425824,111.72504572211187,0.0,1.0,144.0,1.0,70.4032059300161,0.0,0.0,0.0,89.61610766897505,66.7004019473537,-2.3694573140651713,0.083,1.0,114.04037554938533,0.1304246451464656,0.0,8.786020538544056,0.0,0.0,nan,0.0,0.0,0.0,0.0,0.0,nan,nan,,,0,0.35372522473335266,-1,170,True,True,False,"A:1,B:1,ESTOP:0,MODE:1",DRIVE_DONE,0,,,,,,-1.0,-1.0,False,36.968294031666666,127.87340351666667,-5.128,1,0.030625000000000006,36.968294031666666,127.87340351666667,2.0,0.17500000000000002,1.0,1.0,0.0,0.0,8.366383613563187,33.017188073237804,0.0,249.0,0.0,-0.1849918960044353,0.4461044620816701,0.38750807320493824,0.7852428290181988,-0.0012740903539558606,0.004328416544945937,0.0014486232791552935,-8.36507245,0.6276256,5.16810455
1788871005.355210,3.867,0.0,0.0,0,2,867,111.16714719791416,-49.27742792425824,111.72921922717967,0.0,1.0,144.0,1.0,70.4032059300161,0.0,0.0,0.0,89.61610766897505,66.7004019473537,-2.3694573140651713,-0.123,1.0,114.04037554938533,0.1304246451464656,0.0,8.786020538544056,0.0,0.0,nan,0.0,0.0,0.0,0.0,0.0,nan,nan,,,0,0.36321890354156494,-1,170,True,True,False,"A:1,B:1,ESTOP:0,MODE:1",DRIVE_DONE,0,,,,,,-1.0,-1.0,False,36.968294031666666,127.87340351666667,-5.128,1,0.030625000000000006,36.968294031666666,127.87340351666667,2.0,0.2032547473907471,1.0,0.0,0.05650949478149414,0.0,8.366383613563187,33.017188073237804,0.0,249.0,0.0,-0.18494480186873236,0.44611621914572047,0.3875737515810095,0.785214828159966,-0.00481710873550435,0.004101523742186674,-0.0021467549799530253,-8.2768126,0.50013915,5.295591
1788871005.405217,3.917,0.0,0.0,0,2,867,111.16714719791416,-49.27742792425824,111.7230937491504,0.0,1.0,144.0,1.0,70.4032059300161,0.0,0.0,0.0,89.61610766897505,66.7004019473537,-2.3694573140651713,0.172,1.0,114.04037554938533,0.1304246451464656,0.0,8.786020538544056,0.0,0.0,nan,0.0,0.0,0.0,0.0,0.0,nan,nan,,,0,0.3861198127269745,-1,170,True,True,False,"A:1,B:1,ESTOP:0,MODE:1",DRIVE_DONE,0,,,,,,-1.0,-1.0,False,36.968294031666666,127.87340351666667,-5.128,1,0.030625000000000006,36.968294031666666,127.87340351666667,2.0,0.2282798767089844,1.0,0.0,0.10655975341796875,0.0,8.366383613563187,33.017188073237804,0.0,249.0,0.0,-0.18510828737969945,0.4461132455167703,0.387510761921018,0.7852090826736792,-0.0037524578917878084,0.006178465552059927,0.0030019663134302466,-8.24739265,0.4216859499999999,5.28578435
1788871005.455221,3.967,0.0,0.0,0,2,867,111.16714719791416,-49.27742792425824,111.73173372374453,0.0,1.0,144.0,1.0,70.4032059300161,0.0,0.0,0.0,89.61610766897505,66.7004019473537,-2.3694573140651713,-0.149,1.0,114.04037554938533,0.1304246451464656,0.0,8.786020538544056,0.0,0.0,nan,0.0,0.0,0.0,0.0,0.0,nan,nan,,,0,0.39057278633117676,-1,170,True,True,False,"A:1,B:1,ESTOP:0,MODE:1",DRIVE_DONE,0,,,,,,-1.0,-1.0,False,36.968294031666666,127.87340351666667,-5.128,1,0.030625000000000006,36.968294031666666,127.87340351666667,2.0,0.253292727470398,1.0,0.0,0.1565854549407959,0.0,8.366383613563187,33.017188073237804,0.0,249.0,0.0,-0.1851240319899124,0.44600063134547463,0.3875313002310289,0.785259206224597,-0.006684611035138282,-0.004782202150464463,-0.0026005405854715507,-8.38468575,0.50013915,5.18771785
1788871005.505235,4.017,0.0,0.0,0,2,867,111.4796239072422,-48.76647146116194,108.57513356919839,0.0,1.0,144.0,1.0,70.83399031699753,0.0,0.0,0.0,89.860861407113,48.74050024060464,-3.149191227820724,-0.439,1.0,114.04037554938533,0.1304246451464656,0.0,8.786020538544056,0.0,0.0,nan,0.0,0.0,0.0,0.0,0.0,nan,nan,,,0,0.37283167243003845,-1,170,True,True,False,"A:1,B:1,ESTOP:0,MODE:1",DRIVE_DONE,0,,,,,,-1.0,-1.0,False,36.96829862166667,127.87340703,-5.100000000000001,1,0.030625000000000006,36.96829862166667,127.87340703,2.0,0.17500000000000002,1.0,1.0,0.0,0.0,10.699358117231343,33.017188073237804,0.0,249.0,0.0,-0.18504940312225718,0.44619005391030814,0.38753392945262805,0.785167885053011,-0.002181661564992912,0.011711159280881952,-0.007661995416255106,-8.2571993,0.6472389,5.2563644
1788871005.555211,4.067,0.0,0.0,0,2,867,111.4796239072422,-48.76647146116194,108.55311409206939,0.0,1.0,144.0,1.0,70.83399031699753,0.0,0.0,0.0,89.860861407113,48.74050024060464,-3.149191227820724,0.109,1.0,114.04037554938533,0.1304246451464656,0.0,8.786020538544056,0.0,0.0,nan,0.0,0.0,0.0,0.0,0.0,nan,nan,,,0,0.3634556531906128,-1,170,True,True,False,"A:1,B:1,ESTOP:0,MODE:1",DRIVE_DONE,0,,,,,,-1.0,-1.0,False,36.96829862166667,127.87340703,-5.100000000000001,1,0.030625000000000006,36.96829862166667,127.87340703,2.0,0.2050276279449463,1.0,0.0,0.06005525588989258,0.0,10.699358117231343,33.017188073237804,0.0,249.0,0.0,-0.18494679654870727,0.4461082650132122,0.3876025393605825,0.7852046674686166,-0.009983283321407565,-0.008796459430051421,0.0019024088846738192,-8.18855275,0.6080123,5.26617105
1788871005.605252,4.117,0.0,0.0,0,2,867,111.4796239072422,-48.76647146116194,108.55855691428735,0.0,1.0,144.0,1.0,70.83399031699753,0.0,0.0,0.0,89.860861407113,48.74050024060464,-3.149191227820724,-0.205,1.0,114.04037554938533,0.1304246451464656,0.0,8.786020538544056,0.0,0.0,nan,0.0,0.0,0.0,0.0,0.0,nan,nan,,,0,0.0,-1,170,True,True,False,"A:1,B:1,ESTOP:0,MODE:1",DRIVE_DONE,0,,,,,,-1.0,-1.0,False,36.96829862166667,127.87340703,-5.100000000000001,1,0.030625000000000006,36.96829862166667,127.87340703,2.0,0.23002629280090334,1.0,0.0,0.11005258560180664,0.0,10.699358117231343,33.017188073237804,0.0,249.0,0.0,-0.18505060859744948,0.44607579297332456,0.38754606863618435,0.7852265302863699,-0.003193952531149623,0.010000736613927507,-0.0035779249665883754,-8.2768126,0.43149259999999995,5.28578435
1788871005.655221,4.167,0.0,0.0,0,2,867,111.4796239072422,-48.76647146116194,108.54829275007796,0.0,1.0,144.0,1.0,70.83399031699753,0.0,0.0,0.0,89.860861407113,48.74050024060464,-3.149191227820724,0.148,1.0,114.04037554938533,0.1304246451464656,0.0,8.786020538544056,0.0,0.0,nan,0.0,0.0,0.0,0.0,0.0,nan,nan,,,0,0.0,-1,170,True,True,False,"A:1,B:1,ESTOP:0,MODE:1",DRIVE_DONE,0,,,,,,-1.0,-1.0,False,36.96829862166667,127.87340703,-5.100000000000001,1,0.030625000000000006,36.96829862166667,127.87340703,2.0,0.25500838756561284,1.0,0.0,0.16001677513122559,0.0,10.699358117231343,33.017188073237804,0.0,249.0,0.0,-0.18505263740450825,0.446021906191049,0.38754606290385407,0.7852566648651006,-0.0057246799465414016,-0.020804324683772406,0.0025830872929516074,-8.3552658,0.57859235,5.24655775
1788871005.705218,4.217,0.0,0.0,0,2,867,111.80247697939902,-48.31562752411287,108.55571147986007,0.0,1.0,144.0,1.0,71.2062503494536,0.0,0.0,0.0,90.05325781962348,48.74050024060464,-3.149191227820724,-0.021,1.0,114.04037554938533,0.1304246451464656,0.0,8.786020538544056,0.0,0.0,nan,0.0,0.0,0.0,0.0,0.0,nan,nan,,,0,0.0,-1,170,True,True,False,"A:1,B:1,ESTOP:0,MODE:1",DRIVE_DONE,0,,,,,,-1.0,-1.0,False,36.96830267166666,127.87341066,-5.073,1,0.030625000000000006,36.96830267166666,127.87341066,2.0,0.17500000000000002,1.0,1.0,0.0,0.0,10.390589459464117,56.552723931650554,0.0,249.0,0.0,-0.18500031972351572,0.44600794312912306,0.3875803661983572,0.7852599926810697,-0.003839724354387525,0.013229595730117017,-0.0003665191429188092,-8.217972699999999,0.61781895,5.20733115
1788871005.755232,4.267,0.0,0.0,0,2,867,111.80247697939902,-48.31562752411287,108.55466871066642,0.0,1.0,144.0,1.0,71.2062503494536,0.0,0.0,0.0,90.05325781962348,48.74050024060464,-3.149191227820724,-0.087,1.0,114.04037554938533,0.1304246451464656,0.0,8.786020538544056,0.0,0.0,nan,0.0,0.0,0.0,0.0,0.0,nan,nan,,,0,0.0,-1,170,True,True,False,"A:1,B:1,ESTOP:0,MODE:1",DRIVE_DONE,0,,,,,,-1.0,-1.0,False,36.96830267166666,127.87341066,-5.073,1,0.030625000000000006,36.96830267166666,127.87341066,2.0,0.20355300903320314,1.0,0.0,0.05710601806640625,0.0,10.390589459464117,56.552723931650554,0.0,249.0,0.0,-0.18494989994005245,0.446150196737849,0.3875959577210589,0.7851833607643749,0.004101523742186674,0.0035081117965086025,-0.0015184364492350666,-8.24739265,0.5982056499999999,5.295591
1788871005.805214,4.317,0.0,0.0,0,2,867,111.80247697939902,-48.31562752411287,108.55030728574349,0.0,1.0,144.0,1.0,71.2062503494536,0.0,0.0,0.0,90.05325781962348,48.74050024060464,-3.149191227820724,0.341,1.0,114.04037554938533,0.1304246451464656,0.0,8.786020538544056,0.0,0.0,nan,0.0,0.0,0.0,0.0,0.0,nan,nan,,,0,0.0,-1,170,True,True,False,"A:1,B:1,ESTOP:0,MODE:1",DRIVE_DONE,0,,,,,,-1.0,-1.0,False,36.96830267166666,127.87341066,-5.073,1,0.030625000000000006,36.96830267166666,127.87341066,2.0,0.22855274677276613,1.0,0.0,0.10710549354553223,0.0,10.390589459464117,56.552723931650554,0.0,249.0,0.0,-0.18495324526278217,0.4460257393988211,0.38760449692975596,0.7852490629222877,0.001117010721276371,-0.007609635538695277,0.0059515727493006645,-8.3356525,0.50013915,5.22694445
1788871005.855221,4.367,0.0,0.0,0,2,867,111.80247697939902,-48.31562752411287,108.5674197084482,0.0,1.0,144.0,1.0,71.2062503494536,0.0,0.0,0.0,90.05325781962348,48.74050024060464,-3.149191227820724,-0.22900000000000004,1.0,114.04037554938533,0.1304246451464656,0.0,8.786020538544056,0.0,0.0,nan,0.0,0.0,0.0,0.0,0.0,nan,nan,,,0,0.0,-1,170,True,True,False,"A:1,B:1,ESTOP:0,MODE:1",DRIVE_DONE,0,,,,,,-1.0,-1.0,False,36.96830267166666,127.87341066,-5.073,1,0.030625000000000006,36.96830267166666,127.87341066,2.0,0.25356214046478276,1.0,0.0,0.15712428092956543,0.0,10.390589459464117,56.552723931650554,0.0,249.0,0.0,-0.18499559959288026,0.44609903842535964,0.387588878968825,0.7852051559604851,-0.0009075712110370514,0.005358160803622592,-0.003996803987067015,-8.2571993,0.5295591,5.14849125
1788871005.905241,4.417,0.0,0.0,0,2,867,111.80247697939902,-48.31562752411287,108.55598375101641,0.0,1.0,144.0,1.0,71.2062503494536,0.0,0.0,0.0,90.05325781962348,48.74050024060464,-3.149191227820724,-0.151,1.0,114.04037554938533,0.1304246451464656,0.0,8.786020538544056,0.0,0.0,nan,0.0,0.0,0.0,0.0,0.0,nan,nan,,,0,0.0,-1,170,True,True,False,"A:1,B:1,ESTOP:0,MODE:1",DRIVE_DONE,0,,📶 GPS 품질 ↘ 저하 : DGPS → NO_FIX (σ=nanm),,,,-1.0,-1.0,False,nan,nan,nan,-1,9998000100000000.0,36.96830267166666,127.87341066,0.0,nan,0.0,0.0,0.2070903778076172,0.0,10.390589459464117,56.552723931650554,0.0,249.0,0.0,-0.1849588871971481,0.4460846649333543,0.3876090318184338,0.7852120224569068,-0.006702064327658226,-0.0032637657012293962,-0.0026354471705114374,-8.2964259,0.5197524499999999,5.1975245
1788871005.955206,4.467,0.0,0.0,0,2,868,111.80247697939902,-48.31562752411287,108.54844254251077,0.0,1.0,144.0,0.0,71.2062503494536,0.0,0.0,0.0,90.05325781962348,48.74050024060464,-3.149191227820724,0.261,1.0,114.04037554938533,0.1304246451464656,0.0,8.786020538544056,0.0,0.0,nan,0.0,0.0,0.0,0.0,0.0,nan,nan,,,0,0.0,-1,170,True,True,False,"A:1,B:1,ESTOP:0,MODE:1",DRIVE_DONE,0,,,,,,-1.0,-1.0,False,nan,nan,nan,-1,9998000100000000.0,36.96830267166666,127.87341066,0.0,nan,0.0,0.0,0.25718021392822266,0.0,10.390589459464117,56.552723931650554,0.0,249.0,0.0,-0.18499694808574482,0.446178326338583,0.38760061049897854,0.7851539957520947,0.0014311699866353504,-0.0037524578917878084,0.0045553093477052,-8.217972699999999,0.50013915,5.2563644
1788871006.005241,4.517,0.0,0.0,0,2,867,111.80247697939902,-48.31562752411287,108.56151387401178,0.0,1.0,144.0,0.0,71.2062503494536,0.0,0.0,0.0,90.05325781962348,48.74050024060464,-3.149191227820724,0.527,1.0,114.04037554938533,0.1304246451464656,0.0,8.786020538544056,0.0,0.0,nan,0.0,0.0,0.0,0.0,0.0,nan,nan,,,0,0.0,-1,170,True,True,False,"A:1,B:1,ESTOP:0,MODE:1",DRIVE_DONE,0,,,,,,-1.0,-1.0,False,nan,nan,nan,-1,9998000100000000.0,36.96830267166666,127.87341066,0.0,nan,0.0,0.0,0.3071446418762207,0.0,10.390589459464117,56.552723931650554,0.0,249.0,0.0,-0.1850737236113101,0.44618655725304524,0.38754329856990627,0.7851595154418469,-0.0064053583548191895,-0.0005061454830783556,0.009197885158010117,-8.325845849999999,0.5883989999999999,5.26617105
1788871006.055219,4.567,0.0,0.0,0,2,867,111.80247697939902,-48.31562752411287,108.5876864358957,0.0,1.0,144.0,0.0,71.2062503494536,0.0,0.0,0.0,90.05325781962348,48.74050024060464,-3.149191227820724,0.336,1.0,114.04037554938533,0.1304246451464656,0.0,8.786020538544056,0.0,0.0,nan,0.0,0.0,0.0,0.0,0.0,nan,nan,,,0,0.0,-1,170,True,True,False,"A:1,B:1,ESTOP:0,MODE:1",DRIVE_DONE,0,,,,,,-1.0,-1.0,False,nan,nan,nan,-1,9998000100000000.0,36.96830267166666,127.87341066,0.0,nan,0.0,0.0,0.35712122917175293,0.0,10.390589459464117,56.552723931650554,0.0,249.0,0.0,-0.1850231881735501,0.4461872065878451,0.38754649298749533,0.785169479977746,0.01398008730847458,1.7453292519943296e-05,0.005864306286700947,-8.24739265,0.5099457999999999,5.16810455
1788871006.105238,4.617,0.0,0.0,0,2,867,111.80247697939902,-48.31562752411287,108.60458967991428,0.0,1.0,144.0,0.0,71.2062503494536,0.0,0.0,0.0,90.05325781962348,48.74050024060464,-3.149191227820724,-0.165,1.0,114.04037554938533,0.1304246451464656,0.0,8.786020538544056,0.0,0.0,nan,0.0,0.0,0.0,0.0,0.0,nan,nan,,,0,0.0,-1,170,True,True,False,"A:1,B:1,ESTOP:0,MODE:1",DRIVE_DONE,0,,,,,,-1.0,-1.0,False,nan,nan,nan,-1,9998000100000000.0,36.96830267166666,127.87341066,0.0,nan,0.0,0.0,0.40709781646728516,0.0,10.390589459464117,56.552723931650554,0.0,249.0,0.0,-0.185024404067448,0.44617687035358694,0.3875330785359923,0.7851816880833256,-0.0033161255787892262,-0.003909537524467298,-0.0028797932657906437,-8.2768126,0.5197524499999999,5.2171378
1788871006.155204,4.667,0.0,0.0,0,2,867,111.80247697939902,-48.31562752411287,108.59638524242001,0.0,1.0,144.0,0.0,71.2062503494536,0.0,0.0,0.0,90.05325781962348,48.74050024060464,-3.149191227820724,-0.012,1.0,114.04037554938533,0.1304246451464656,0.0,8.786020538544056,0.0,0.0,nan,0.0,0.0,0.0,0.0,0.0,nan,nan,,,0,0.0,-1,170,True,True,False,"A:1,B:1,ESTOP:0,MODE:1",DRIVE_DONE,0,,,,,,-1.0,-1.0,False,nan,nan,nan,-1,9998000100000000.0,36.96830267166666,127.87341066,0.0,nan,0.0,0.0,0.457136869430542,0.0,10.390589459464117,56.552723931650554,0.0,249.0,0.0,-0.18501177885999695,0.4462274820057984,0.3875314762943257,0.7851566919201318,0.00012217304763960306,0.004328416544945937,-0.00020943951023931956,-8.306232549999999,0.57859235,5.2759777
1788871006.205232,4.717,0.0,0.0,0,0,867,111.80247697939902,-48.31562752411287,108.59578325172026,0.0,1.0,144.0,0.0,71.2062503494536,0.0,0.0,0.0,90.05325781962348,48.74050024060464,-3.149191227820724,-0.235,1.0,114.04037554938533,0.1304246451464656,0.0,8.786020538544056,0.0,0.0,nan,0.0,0.0,0.0,0.0,0.0,nan,nan,,,0,0.0,-1,170,True,True,False,"A:1,B:1,ESTOP:0,MODE:1",DRIVE_DONE,0,,"🏁 완전정지 확인 — 리니어 해제, 메뉴로 복귀",,,,-1.0,-1.0,False,nan,nan,nan,-1,9998000100000000.0,36.96830267166666,127.87341066,0.0,nan,0.0,0.0,0.507129430770874,0.0,10.390589459464117,56.552723931650554,0.0,249.0,0.0,-0.18501796266030512,0.446161499519205,0.3875151227299232,0.7852008020216338,-0.0018675022996339325,-0.0012740903539558606,-0.004101523742186674,-8.208166049999999,0.55897905,5.1582979
1788871006.237804,4.750,0.0,0.0,0,0,867,111.80247697939902,-48.31562752411287,108.59578325172026,0.0,1.0,144.0,0.0,71.2062503494536,0.0,0.0,0.0,90.05325781962348,48.74050024060464,-3.149191227820724,-0.235,1.0,114.04037554938533,0.1304246451464656,0.0,8.786020538544056,0.0,0.0,nan,0.0,0.0,0.0,0.0,0.0,nan,nan,,,0,0.0,-1,170,True,True,False,"A:1,B:1,ESTOP:0,MODE:1",IDLE,0,,,,,,-1.0,-1.0,False,nan,nan,nan,-1,9998000100000000.0,36.96830267166666,127.87341066,0.0,nan,0.0,0.0,0.507129430770874,0.0,10.390589459464117,56.552723931650554,0.0,249.0,0.0,-0.18505264239462355,0.4461777999985827,0.3875077460083738,0.7851870077342735,0.010978120995044333,0.003420845333908886,0.0016057029118347831,-8.3356525,0.55897905,5.36423755
